region,assessment,year,use_idcntry_raw_str,idcntry_raw,idcntry_raw_str,national_level,countrycode,notes
LAC,LLECE,1997,0,10,,1,ARG,
LAC,LLECE,1997,0,11,,1,BOL,
LAC,LLECE,1997,0,12,,1,BRA,
LAC,LLECE,1997,0,13,,1,CHL,
LAC,LLECE,1997,0,14,,1,COL,
LAC,LLECE,1997,0,15,,1,CRI,
LAC,LLECE,1997,0,16,,1,CUB,
LAC,LLECE,1997,0,24,,1,DOM,
LAC,LLECE,1997,0,20,,1,HND,
LAC,LLECE,1997,0,21,,1,MEX,"Mexico, country"
LAC,LLECE,1997,0,23,,1,PER,
LAC,LLECE,1997,0,22,,1,PRY,
LAC,LLECE,1997,0,25,,1,VEN,
LAC,LLECE,2006,0,11,,0,MEX,"Mexico, subset (Nueva Leon)"
LAC,LLECE,2006,0,1,,1,ARG,
LAC,LLECE,2006,0,3,,1,BRA,
LAC,LLECE,2006,0,7,,1,CHL,
LAC,LLECE,2006,0,4,,1,COL,
LAC,LLECE,2006,0,5,,1,CRI,
LAC,LLECE,2006,0,6,,1,CUB,
LAC,LLECE,2006,0,20,,1,DOM,
LAC,LLECE,2006,0,8,,1,ECU,
LAC,LLECE,2006,0,12,,1,GTM,
LAC,LLECE,2006,0,14,,1,MEX,
LAC,LLECE,2006,0,16,,1,NIC,
LAC,LLECE,2006,0,17,,1,PAN,
LAC,LLECE,2006,0,19,,1,PER,
LAC,LLECE,2006,0,18,,1,PRY,
LAC,LLECE,2006,0,9,,1,SLV,
LAC,LLECE,2006,0,21,,1,URY,
LAC,LLECE,2013,0,4841,,0,MEX,"Mexico, subset (Nueva Leon)"
LAC,LLECE,2013,0,32,,1,ARG,
LAC,LLECE,2013,0,76,,1,BRA,
LAC,LLECE,2013,0,152,,1,CHL,
LAC,LLECE,2013,0,170,,1,COL,
LAC,LLECE,2013,0,188,,1,CRI,
LAC,LLECE,2013,0,214,,1,DOM,
LAC,LLECE,2013,0,218,,1,ECU,
LAC,LLECE,2013,0,320,,1,GTM,
LAC,LLECE,2013,0,340,,1,HND,
LAC,LLECE,2013,0,484,,1,MEX,"Mexico, country"
LAC,LLECE,2013,0,558,,1,NIC,
LAC,LLECE,2013,0,591,,1,PAN,
LAC,LLECE,2013,0,604,,1,PER,
LAC,LLECE,2013,0,600,,1,PRY,
LAC,LLECE,2013,0,858,,1,URY,
LAC,LLECE-T,2013,0,4841,,0,MEX,"Mexico, subset (Nueva Leon)"
LAC,LLECE-T,2013,0,32,,1,ARG,
LAC,LLECE-T,2013,0,76,,1,BRA,
LAC,LLECE-T,2013,0,152,,1,CHL,
LAC,LLECE-T,2013,0,170,,1,COL,
LAC,LLECE-T,2013,0,188,,1,CRI,
LAC,LLECE-T,2013,0,214,,1,DOM,
LAC,LLECE-T,2013,0,218,,1,ECU,
LAC,LLECE-T,2013,0,320,,1,GTM,
LAC,LLECE-T,2013,0,340,,1,HND,
LAC,LLECE-T,2013,0,484,,1,MEX,"Mexico, country"
LAC,LLECE-T,2013,0,558,,1,NIC,
LAC,LLECE-T,2013,0,591,,1,PAN,
LAC,LLECE-T,2013,0,604,,1,PER,
LAC,LLECE-T,2013,0,600,,1,PRY,
LAC,LLECE-T,2013,0,858,,1,URY,
WLD,PIRLS,2001,0,32,,1,ARG,
WLD,PIRLS,2001,0,100,,1,BGR,
WLD,PIRLS,2001,0,84,,1,BLZ,
WLD,PIRLS,2001,0,124,,1,CAN,Canada - country
WLD,PIRLS,2001,0,9132,,0,CAN,Canadian Province
WLD,PIRLS,2001,0,9133,,0,CAN,Canadian Province
WLD,PIRLS,2001,0,170,,1,COL,
WLD,PIRLS,2001,0,196,,1,CYP,
WLD,PIRLS,2001,0,203,,1,CZE,
WLD,PIRLS,2001,0,276,,1,DEU,
WLD,PIRLS,2001,0,250,,1,FRA,
WLD,PIRLS,2001,0,926,,1,GBR,England/Scotland/N.Ireland
WLD,PIRLS,2001,0,927,,1,GBR,England/Scotland/N.Ireland
WLD,PIRLS,2001,0,300,,1,GRC,
WLD,PIRLS,2001,0,344,,1,HKG,
WLD,PIRLS,2001,0,348,,1,HUN,
WLD,PIRLS,2001,0,364,,1,IRN,
WLD,PIRLS,2001,0,352,,1,ISL,
WLD,PIRLS,2001,0,376,,1,ISR,
WLD,PIRLS,2001,0,380,,1,ITA,
WLD,PIRLS,2001,0,414,,1,KWT,
WLD,PIRLS,2001,0,440,,1,LTU,
WLD,PIRLS,2001,0,428,,1,LVA,
WLD,PIRLS,2001,0,504,,1,MAR,
WLD,PIRLS,2001,0,498,,1,MDA,
WLD,PIRLS,2001,0,807,,1,MKD,
WLD,PIRLS,2001,0,528,,1,NLD,
WLD,PIRLS,2001,0,578,,1,NOR,
WLD,PIRLS,2001,0,554,,1,NZL,
WLD,PIRLS,2001,0,642,,1,ROU,
WLD,PIRLS,2001,0,643,,1,RUS,
WLD,PIRLS,2001,0,702,,1,SGP,
WLD,PIRLS,2001,0,703,,1,SVK,
WLD,PIRLS,2001,0,705,,1,SVN,
WLD,PIRLS,2001,0,3752,,1,SWE,"Sweden, other grade"
WLD,PIRLS,2001,0,752,,1,SWE,"Sweden, other grade"
WLD,PIRLS,2001,0,792,,1,TUR,
WLD,PIRLS,2001,0,840,,1,USA,
WLD,PIRLS,2006,0,158,,0,TWN,Taiwan
WLD,PIRLS,2006,0,40,,1,AUT,
WLD,PIRLS,2006,0,956,,1,BEL,Belgium French/Flemish
WLD,PIRLS,2006,0,957,,1,BEL,Belgium French/Flemish
WLD,PIRLS,2006,0,100,,1,BGR,
WLD,PIRLS,2006,0,9134,,0,CAN,Canadian Province
WLD,PIRLS,2006,0,9135,,0,CAN,Canadian Province
WLD,PIRLS,2006,0,9136,,0,CAN,Canadian Province
WLD,PIRLS,2006,0,9132,,0,CAN,Canadian Province
WLD,PIRLS,2006,0,9133,,0,CAN,Canadian Province
WLD,PIRLS,2006,0,276,,1,DEU,
WLD,PIRLS,2006,0,208,,1,DNK,
WLD,PIRLS,2006,0,724,,1,ESP,
WLD,PIRLS,2006,0,250,,1,FRA,
WLD,PIRLS,2006,0,926,,1,GBR,England/Scotland/N.Ireland
WLD,PIRLS,2006,0,927,,1,GBR,England/Scotland/N.Ireland
WLD,PIRLS,2006,0,268,,1,GEO,
WLD,PIRLS,2006,0,344,,1,HKG,
WLD,PIRLS,2006,0,348,,1,HUN,
WLD,PIRLS,2006,0,360,,1,IDN,
WLD,PIRLS,2006,0,364,,1,IRN,
WLD,PIRLS,2006,0,9352,,1,ISL,"Iceland, other grade"
WLD,PIRLS,2006,0,352,,1,ISL,"Iceland, other grade"
WLD,PIRLS,2006,0,376,,1,ISR,
WLD,PIRLS,2006,0,380,,1,ITA,
WLD,PIRLS,2006,0,414,,1,KWT,
WLD,PIRLS,2006,0,440,,1,LTU,
WLD,PIRLS,2006,0,442,,1,LUX,
WLD,PIRLS,2006,0,428,,1,LVA,
WLD,PIRLS,2006,0,504,,1,MAR,
WLD,PIRLS,2006,0,498,,1,MDA,
WLD,PIRLS,2006,0,807,,1,MKD,
WLD,PIRLS,2006,0,528,,1,NLD,
WLD,PIRLS,2006,0,9578,,1,NOR,"Norway, other grade"
WLD,PIRLS,2006,0,578,,1,NOR,"Norway, other grade"
WLD,PIRLS,2006,0,554,,1,NZL,
WLD,PIRLS,2006,0,616,,1,POL,
WLD,PIRLS,2006,0,634,,1,QAT,
WLD,PIRLS,2006,0,642,,1,ROU,
WLD,PIRLS,2006,0,643,,1,RUS,
WLD,PIRLS,2006,0,702,,1,SGP,
WLD,PIRLS,2006,0,703,,1,SVK,
WLD,PIRLS,2006,0,705,,1,SVN,
WLD,PIRLS,2006,0,752,,1,SWE,
WLD,PIRLS,2006,0,780,,1,TTO,
WLD,PIRLS,2006,0,840,,1,USA,
WLD,PIRLS,2006,0,710,,1,ZAF,
WLD,PIRLS,2011,0,158,,0,TWN,Taiwan
WLD,PIRLS,2011,0,7842,,0,ARE,"Emirates, cities"
WLD,PIRLS,2011,0,7841,,0,ARE,"Emirates, cities"
WLD,PIRLS,2011,0,784,,1,ARE,Emirates country
WLD,PIRLS,2011,0,36,,1,AUS,
WLD,PIRLS,2011,0,40,,1,AUT,
WLD,PIRLS,2011,0,31,,1,AZE,
WLD,PIRLS,2011,0,957,,1,BEL,Belgium French/Flemish
WLD,PIRLS,2011,0,100,,1,BGR,
WLD,PIRLS,2011,0,72,,1,BWA,
WLD,PIRLS,2011,0,9134,,0,CAN,Canadian Province
WLD,PIRLS,2011,0,124,,1,CAN,Canada - country
WLD,PIRLS,2011,0,9132,,0,CAN,Canadian Province
WLD,PIRLS,2011,0,9133,,0,CAN,Canadian Province
WLD,PIRLS,2011,0,170,,1,COL,
WLD,PIRLS,2011,0,203,,1,CZE,
WLD,PIRLS,2011,0,276,,1,DEU,
WLD,PIRLS,2011,0,208,,1,DNK,
WLD,PIRLS,2011,0,72401,,0,ESP,"Spain, subset"
WLD,PIRLS,2011,0,724,,1,ESP,"Spain, country"
WLD,PIRLS,2011,0,246,,1,FIN,
WLD,PIRLS,2011,0,250,,1,FRA,
WLD,PIRLS,2011,0,926,,1,GBR,England/Scotland/N.Ireland
WLD,PIRLS,2011,0,928,,1,GBR,England/Scotland/N.Ireland
WLD,PIRLS,2011,0,268,,1,GEO,
WLD,PIRLS,2011,0,344,,1,HKG,
WLD,PIRLS,2011,0,340,,1,HND,
WLD,PIRLS,2011,0,191,,1,HRV,
WLD,PIRLS,2011,0,348,,1,HUN,
WLD,PIRLS,2011,0,360,,1,IDN,
WLD,PIRLS,2011,0,372,,1,IRL,
WLD,PIRLS,2011,0,364,,1,IRN,
WLD,PIRLS,2011,0,376,,1,ISR,
WLD,PIRLS,2011,0,380,,1,ITA,
WLD,PIRLS,2011,0,414,,1,KWT,
WLD,PIRLS,2011,0,440,,1,LTU,
WLD,PIRLS,2011,0,6504,,1,MAR,"Morocco, other grade"
WLD,PIRLS,2011,0,504,,1,MAR,"Morocco, other grade"
WLD,PIRLS,2011,0,9470,,0,MLT,"Malta, Malthese"
WLD,PIRLS,2011,0,470,,1,MLT,"Malta, regular"
WLD,PIRLS,2011,0,528,,1,NLD,
WLD,PIRLS,2011,0,578,,1,NOR,
WLD,PIRLS,2011,0,554,,1,NZL,
WLD,PIRLS,2011,0,512,,1,OMN,
WLD,PIRLS,2011,0,616,,1,POL,
WLD,PIRLS,2011,0,620,,1,PRT,
WLD,PIRLS,2011,0,634,,1,QAT,
WLD,PIRLS,2011,0,642,,1,ROU,
WLD,PIRLS,2011,0,643,,1,RUS,
WLD,PIRLS,2011,0,682,,1,SAU,
WLD,PIRLS,2011,0,702,,1,SGP,
WLD,PIRLS,2011,0,703,,1,SVK,
WLD,PIRLS,2011,0,705,,1,SVN,
WLD,PIRLS,2011,0,752,,1,SWE,
WLD,PIRLS,2011,0,780,,1,TTO,
WLD,PIRLS,2011,0,840,,1,USA,
WLD,PIRLS,2011,0,710,,1,ZAF,
WLD,PIRLS,2016,0,158,,0,TWN,Taiwan
WLD,PIRLS,2016,0,7842,,0,ARE,"Emirates, cities"
WLD,PIRLS,2016,0,7841,,0,ARE,"Emirates, cities"
WLD,PIRLS,2016,0,784,,1,ARE,Emirates country
WLD,PIRLS,2016,0,32001,,0,ARG,Buenos Aires only
WLD,PIRLS,2016,0,36,,1,AUS,
WLD,PIRLS,2016,0,40,,1,AUT,
WLD,PIRLS,2016,0,31,,1,AZE,
WLD,PIRLS,2016,0,956,,1,BEL,Belgium French/Flemish
WLD,PIRLS,2016,0,957,,1,BEL,Belgium French/Flemish
WLD,PIRLS,2016,0,100,,1,BGR,
WLD,PIRLS,2016,0,48,,1,BHR,
WLD,PIRLS,2016,0,124,,1,CAN,Canada - country
WLD,PIRLS,2016,0,9132,,0,CAN,Canadian Province
WLD,PIRLS,2016,0,9133,,0,CAN,Canadian Province
WLD,PIRLS,2016,0,152,,1,CHL,
WLD,PIRLS,2016,0,203,,1,CZE,
WLD,PIRLS,2016,0,276,,1,DEU,
WLD,PIRLS,2016,0,208001,,1,DNK,Denmark: grade 3 vs 4
WLD,PIRLS,2016,0,208,,1,DNK,Denmark: grade 3 vs 4
WLD,PIRLS,2016,0,818,,1,EGY,
WLD,PIRLS,2016,0,72401,,0,ESP,"Spain, subset"
WLD,PIRLS,2016,0,724005,,0,ESP,"Spain, subset"
WLD,PIRLS,2016,0,724,,1,ESP,"Spain, country"
WLD,PIRLS,2016,0,246,,1,FIN,
WLD,PIRLS,2016,0,250,,1,FRA,
WLD,PIRLS,2016,0,926,,1,GBR,England/Scotland/N.Ireland
WLD,PIRLS,2016,0,928,,1,GBR,England/Scotland/N.Ireland
WLD,PIRLS,2016,0,268,,1,GEO,
WLD,PIRLS,2016,0,344,,1,HKG,
WLD,PIRLS,2016,0,348,,1,HUN,
WLD,PIRLS,2016,0,372,,1,IRL,
WLD,PIRLS,2016,0,364,,1,IRN,
WLD,PIRLS,2016,0,376,,1,ISR,
WLD,PIRLS,2016,0,380,,1,ITA,
WLD,PIRLS,2016,0,398,,1,KAZ,
WLD,PIRLS,2016,0,414,,1,KWT,
WLD,PIRLS,2016,0,440,,1,LTU,
WLD,PIRLS,2016,0,428,,1,LVA,
WLD,PIRLS,2016,0,446,,1,MAC,
WLD,PIRLS,2016,0,504,,1,MAR,
WLD,PIRLS,2016,0,470,,1,MLT,
WLD,PIRLS,2016,0,528,,1,NLD,
WLD,PIRLS,2016,0,5784,,1,NOR,Norway: grade 4
WLD,PIRLS,2016,0,578,,1,NOR,Norway: grades 5
WLD,PIRLS,2016,0,554,,1,NZL,
WLD,PIRLS,2016,0,512,,1,OMN,
WLD,PIRLS,2016,0,616,,1,POL,
WLD,PIRLS,2016,0,620,,1,PRT,
WLD,PIRLS,2016,0,634,,1,QAT,
WLD,PIRLS,2016,0,643001,,0,RUS,Moscow only
WLD,PIRLS,2016,0,643,,1,RUS,
WLD,PIRLS,2016,0,682,,1,SAU,
WLD,PIRLS,2016,0,702,,1,SGP,
WLD,PIRLS,2016,0,703,,1,SVK,
WLD,PIRLS,2016,0,705,,1,SVN,
WLD,PIRLS,2016,0,752,,1,SWE,
WLD,PIRLS,2016,0,780,,1,TTO,
WLD,PIRLS,2016,0,840,,1,USA,
WLD,PIRLS,2016,0,7105,,1,ZAF,South Africa: zulu
WLD,PIRLS,2016,0,710,,1,ZAF,South Africa: english
WLD,TIMSS,2003,0,158,,0,TWN,Taiwan
WLD,TIMSS,2003,0,51,,1,ARM,
WLD,TIMSS,2003,0,36,,1,AUS,
WLD,TIMSS,2003,0,956,,1,BEL,
WLD,TIMSS,2003,0,100,,1,BGR,
WLD,TIMSS,2003,0,48,,1,BHR,
WLD,TIMSS,2003,0,72,,1,BWA,
WLD,TIMSS,2003,0,9132,,0,CAN,Canadian Province
WLD,TIMSS,2003,0,9133,,0,CAN,Canadian Province
WLD,TIMSS,2003,0,152,,1,CHL,
WLD,TIMSS,2003,0,196,,1,CYP,
WLD,TIMSS,2003,0,818,,1,EGY,
WLD,TIMSS,2003,0,3724,,1,ESP,
WLD,TIMSS,2003,0,233,,1,EST,
WLD,TIMSS,2003,0,926,,1,GBR,England/Scotland/N.Ireland
WLD,TIMSS,2003,0,927,,1,GBR,England/Scotland/N.Ireland
WLD,TIMSS,2003,0,288,,1,GHA,
WLD,TIMSS,2003,0,344,,1,HKG,
WLD,TIMSS,2003,0,348,,1,HUN,
WLD,TIMSS,2003,0,360,,1,IDN,
WLD,TIMSS,2003,0,364,,1,IRN,
WLD,TIMSS,2003,0,376,,1,ISR,
WLD,TIMSS,2003,0,380,,1,ITA,
WLD,TIMSS,2003,0,400,,1,JOR,
WLD,TIMSS,2003,0,392,,1,JPN,
WLD,TIMSS,2003,0,410,,1,KOR,
WLD,TIMSS,2003,0,422,,1,LBN,
WLD,TIMSS,2003,0,440,,1,LTU,
WLD,TIMSS,2003,0,428,,1,LVA,
WLD,TIMSS,2003,0,504,,1,MAR,
WLD,TIMSS,2003,0,498,,1,MDA,
WLD,TIMSS,2003,0,807,,1,MKD,
WLD,TIMSS,2003,0,458,,1,MYS,
WLD,TIMSS,2003,0,528,,1,NLD,
WLD,TIMSS,2003,0,578,,1,NOR,
WLD,TIMSS,2003,0,554,,1,NZL,
WLD,TIMSS,2003,0,608,,1,PHL,
WLD,TIMSS,2003,0,275,,1,PSE,
WLD,TIMSS,2003,0,642,,1,ROU,
WLD,TIMSS,2003,0,643,,1,RUS,
WLD,TIMSS,2003,0,682,,1,SAU,
WLD,TIMSS,2003,0,702,,1,SGP,
WLD,TIMSS,2003,0,891,,1,SRB,
WLD,TIMSS,2003,0,703,,1,SVK,
WLD,TIMSS,2003,0,705,,1,SVN,
WLD,TIMSS,2003,0,752,,1,SWE,
WLD,TIMSS,2003,0,760,,1,SYR,
WLD,TIMSS,2003,0,788,,1,TUN,
WLD,TIMSS,2003,0,11800,,0,USA,US some state
WLD,TIMSS,2003,0,840,,1,USA,
WLD,TIMSS,2003,0,887,,1,YEM,
WLD,TIMSS,2003,0,710,,1,ZAF,
WLD,TIMSS,2007,0,158,,0,TWN,Taiwan
WLD,TIMSS,2007,0,7841,,0,ARE,Emirates some city
WLD,TIMSS,2007,0,51,,1,ARM,
WLD,TIMSS,2007,0,36,,1,AUS,
WLD,TIMSS,2007,0,40,,1,AUT,
WLD,TIMSS,2007,0,100,,1,BGR,
WLD,TIMSS,2007,0,48,,1,BHR,
WLD,TIMSS,2007,0,70,,1,BIH,
WLD,TIMSS,2007,0,72,,1,BWA,
WLD,TIMSS,2007,0,9134,,0,CAN,Canadian Province
WLD,TIMSS,2007,0,9135,,0,CAN,Canadian Province
WLD,TIMSS,2007,0,9132,,0,CAN,Canadian Province
WLD,TIMSS,2007,0,9133,,0,CAN,Canadian Province
WLD,TIMSS,2007,0,170,,1,COL,
WLD,TIMSS,2007,0,196,,1,CYP,
WLD,TIMSS,2007,0,203,,1,CZE,
WLD,TIMSS,2007,0,276,,1,DEU,
WLD,TIMSS,2007,0,208,,1,DNK,
WLD,TIMSS,2007,0,12,,1,DZA,
WLD,TIMSS,2007,0,818,,1,EGY,
WLD,TIMSS,2007,0,3724,,0,ESP,Spain  some subset
WLD,TIMSS,2007,0,926,,1,GBR,England/Scotland/N.Ireland
WLD,TIMSS,2007,0,927,,1,GBR,England/Scotland/N.Ireland
WLD,TIMSS,2007,0,268,,1,GEO,
WLD,TIMSS,2007,0,288,,1,GHA,
WLD,TIMSS,2007,0,344,,1,HKG,
WLD,TIMSS,2007,0,348,,1,HUN,
WLD,TIMSS,2007,0,360,,1,IDN,
WLD,TIMSS,2007,0,364,,1,IRN,
WLD,TIMSS,2007,0,376,,1,ISR,
WLD,TIMSS,2007,0,380,,1,ITA,
WLD,TIMSS,2007,0,400,,1,JOR,
WLD,TIMSS,2007,0,392,,1,JPN,
WLD,TIMSS,2007,0,398,,1,KAZ,
WLD,TIMSS,2007,0,410,,1,KOR,
WLD,TIMSS,2007,0,414,,1,KWT,
WLD,TIMSS,2007,0,422,,1,LBN,
WLD,TIMSS,2007,0,440,,1,LTU,
WLD,TIMSS,2007,0,428,,1,LVA,
WLD,TIMSS,2007,0,504,,1,MAR,
WLD,TIMSS,2007,0,470,,1,MLT,
WLD,TIMSS,2007,0,496,,1,MNG,
WLD,TIMSS,2007,0,458,,1,MYS,
WLD,TIMSS,2007,0,528,,1,NLD,
WLD,TIMSS,2007,0,578,,1,NOR,
WLD,TIMSS,2007,0,554,,1,NZL,
WLD,TIMSS,2007,0,512,,1,OMN,
WLD,TIMSS,2007,0,275,,1,PSE,
WLD,TIMSS,2007,0,634,,1,QAT,
WLD,TIMSS,2007,0,642,,1,ROU,
WLD,TIMSS,2007,0,643,,1,RUS,
WLD,TIMSS,2007,0,682,,1,SAU,
WLD,TIMSS,2007,0,702,,1,SGP,
WLD,TIMSS,2007,0,222,,1,SLV,
WLD,TIMSS,2007,0,891,,1,SRB,
WLD,TIMSS,2007,0,703,,1,SVK,
WLD,TIMSS,2007,0,705,,1,SVN,
WLD,TIMSS,2007,0,752,,1,SWE,
WLD,TIMSS,2007,0,760,,1,SYR,
WLD,TIMSS,2007,0,764,,1,THA,
WLD,TIMSS,2007,0,788,,1,TUN,
WLD,TIMSS,2007,0,792,,1,TUR,
WLD,TIMSS,2007,0,804,,1,UKR,
WLD,TIMSS,2007,0,12500,,0,USA,US some state
WLD,TIMSS,2007,0,12700,,0,USA,US some state
WLD,TIMSS,2007,0,840,,1,USA,
WLD,TIMSS,2007,0,887,,1,YEM,
WLD,TIMSS,2011,0,158,,0,TWN,Taiwan
WLD,TIMSS,2011,0,7842,,0,ARE,Emirates some city
WLD,TIMSS,2011,0,7841,,0,ARE,Emirates some city
WLD,TIMSS,2011,0,784,,1,ARE,Emirates country
WLD,TIMSS,2011,0,51,,1,ARM,
WLD,TIMSS,2011,0,36,,1,AUS,
WLD,TIMSS,2011,0,40,,1,AUT,
WLD,TIMSS,2011,0,31,,1,AZE,
WLD,TIMSS,2011,0,956,,1,BEL,
WLD,TIMSS,2011,0,48,,1,BHR,
WLD,TIMSS,2011,0,72,,1,BWA,
WLD,TIMSS,2011,0,9134,,0,CAN,Canadian Province
WLD,TIMSS,2011,0,9132,,0,CAN,Canadian Province
WLD,TIMSS,2011,0,9133,,0,CAN,Canadian Province
WLD,TIMSS,2011,0,152,,1,CHL,
WLD,TIMSS,2011,0,203,,1,CZE,
WLD,TIMSS,2011,0,276,,1,DEU,
WLD,TIMSS,2011,0,208,,1,DNK,
WLD,TIMSS,2011,0,724,,1,ESP,
WLD,TIMSS,2011,0,246,,1,FIN,
WLD,TIMSS,2011,0,926,,1,GBR,England/Scotland/N.Ireland
WLD,TIMSS,2011,0,928,,1,GBR,England/Scotland/N.Ireland
WLD,TIMSS,2011,0,268,,1,GEO,
WLD,TIMSS,2011,0,288,,1,GHA,
WLD,TIMSS,2011,0,344,,1,HKG,
WLD,TIMSS,2011,0,340,,1,HND,
WLD,TIMSS,2011,0,191,,1,HRV,
WLD,TIMSS,2011,0,348,,1,HUN,
WLD,TIMSS,2011,0,360,,1,IDN,
WLD,TIMSS,2011,0,372,,1,IRL,
WLD,TIMSS,2011,0,364,,1,IRN,
WLD,TIMSS,2011,0,376,,1,ISR,
WLD,TIMSS,2011,0,380,,1,ITA,
WLD,TIMSS,2011,0,400,,1,JOR,
WLD,TIMSS,2011,0,392,,1,JPN,
WLD,TIMSS,2011,0,398,,1,KAZ,
WLD,TIMSS,2011,0,410,,1,KOR,
WLD,TIMSS,2011,0,414,,1,KWT,
WLD,TIMSS,2011,0,422,,1,LBN,
WLD,TIMSS,2011,0,440,,1,LTU,
WLD,TIMSS,2011,0,504,,1,MAR,
WLD,TIMSS,2011,0,807,,1,MKD,
WLD,TIMSS,2011,0,470,,1,MLT,
WLD,TIMSS,2011,0,458,,1,MYS,
WLD,TIMSS,2011,0,528,,1,NLD,
WLD,TIMSS,2011,0,578,,1,NOR,
WLD,TIMSS,2011,0,554,,1,NZL,
WLD,TIMSS,2011,0,512,,1,OMN,
WLD,TIMSS,2011,0,616,,1,POL,
WLD,TIMSS,2011,0,620,,1,PRT,
WLD,TIMSS,2011,0,275,,1,PSE,
WLD,TIMSS,2011,0,634,,1,QAT,
WLD,TIMSS,2011,0,642,,1,ROU,
WLD,TIMSS,2011,0,643,,1,RUS,
WLD,TIMSS,2011,0,682,,1,SAU,
WLD,TIMSS,2011,0,702,,1,SGP,
WLD,TIMSS,2011,0,688,,1,SRB,
WLD,TIMSS,2011,0,703,,1,SVK,
WLD,TIMSS,2011,0,705,,1,SVN,
WLD,TIMSS,2011,0,752,,1,SWE,
WLD,TIMSS,2011,0,760,,1,SYR,
WLD,TIMSS,2011,0,764,,1,THA,
WLD,TIMSS,2011,0,788,,1,TUN,
WLD,TIMSS,2011,0,792,,1,TUR,
WLD,TIMSS,2011,0,804,,1,UKR,
WLD,TIMSS,2011,0,840,,1,USA,
WLD,TIMSS,2011,0,6887,,1,YEM,Yemen grade 6
WLD,TIMSS,2011,0,887,,1,YEM,Yemen grade 4
WLD,TIMSS,2011,0,710,,1,ZAF,
WLD,TIMSS,2015,0,158,,0,TWN,Taiwan
WLD,TIMSS,2015,0,7842,,0,ARE,"Emirates, cities"
WLD,TIMSS,2015,0,7841,,0,ARE,"Emirates, cities"
WLD,TIMSS,2015,0,784,,1,ARE,Emirates country
WLD,TIMSS,2015,0,32001,,0,ARG,Buenos Aires only
WLD,TIMSS,2015,0,51,,1,ARM,
WLD,TIMSS,2015,0,36,,1,AUS,
WLD,TIMSS,2015,0,956,,1,BEL,
WLD,TIMSS,2015,0,100,,1,BGR,
WLD,TIMSS,2015,0,48,,1,BHR,
WLD,TIMSS,2015,0,72,,1,BWA,
WLD,TIMSS,2015,0,124,,1,CAN,Canada - country
WLD,TIMSS,2015,0,9132,,0,CAN,Canadian Province
WLD,TIMSS,2015,0,9133,,0,CAN,Canadian Province
WLD,TIMSS,2015,0,152,,1,CHL,
WLD,TIMSS,2015,0,196,,1,CYP,
WLD,TIMSS,2015,0,203,,1,CZE,
WLD,TIMSS,2015,0,276,,1,DEU,
WLD,TIMSS,2015,0,208,,1,DNK,
WLD,TIMSS,2015,0,818,,1,EGY,
WLD,TIMSS,2015,0,724,,1,ESP,
WLD,TIMSS,2015,0,246,,1,FIN,
WLD,TIMSS,2015,0,250,,1,FRA,
WLD,TIMSS,2015,0,926,,1,GBR,England/Scotland/N.Ireland
WLD,TIMSS,2015,0,928,,1,GBR,England/Scotland/N.Ireland
WLD,TIMSS,2015,0,268,,1,GEO,
WLD,TIMSS,2015,0,344,,1,HKG,
WLD,TIMSS,2015,0,191,,1,HRV,
WLD,TIMSS,2015,0,348,,1,HUN,
WLD,TIMSS,2015,0,360,,1,IDN,
WLD,TIMSS,2015,0,372,,1,IRL,
WLD,TIMSS,2015,0,364,,1,IRN,
WLD,TIMSS,2015,0,376,,1,ISR,
WLD,TIMSS,2015,0,380,,1,ITA,
WLD,TIMSS,2015,0,400,,1,JOR,
WLD,TIMSS,2015,0,392,,1,JPN,
WLD,TIMSS,2015,0,398,,1,KAZ,
WLD,TIMSS,2015,0,410,,1,KOR,
WLD,TIMSS,2015,0,414,,1,KWT,
WLD,TIMSS,2015,0,422,,1,LBN,
WLD,TIMSS,2015,0,440,,1,LTU,
WLD,TIMSS,2015,0,504,,1,MAR,
WLD,TIMSS,2015,0,470,,1,MLT,
WLD,TIMSS,2015,0,458,,1,MYS,
WLD,TIMSS,2015,0,528,,1,NLD,
WLD,TIMSS,2015,0,5784,,1,NOR,Norway grade 4
WLD,TIMSS,2015,0,5788,,1,NOR,Norway grade 8
WLD,TIMSS,2015,0,578,,1,NOR,Norway grades 5 & 9
WLD,TIMSS,2015,0,554,,1,NZL,
WLD,TIMSS,2015,0,512,,1,OMN,
WLD,TIMSS,2015,0,616,,1,POL,
WLD,TIMSS,2015,0,620,,1,PRT,
WLD,TIMSS,2015,0,634,,1,QAT,
WLD,TIMSS,2015,0,643,,1,RUS,
WLD,TIMSS,2015,0,682,,1,SAU,
WLD,TIMSS,2015,0,702,,1,SGP,
WLD,TIMSS,2015,0,688,,1,SRB,
WLD,TIMSS,2015,0,703,,1,SVK,
WLD,TIMSS,2015,0,705,,1,SVN,
WLD,TIMSS,2015,0,752,,1,SWE,
WLD,TIMSS,2015,0,764,,1,THA,
WLD,TIMSS,2015,0,792,,1,TUR,
WLD,TIMSS,2015,0,840,,1,USA,
WLD,TIMSS,2015,0,710,,1,ZAF,
SSA,PASEC,2014,0,1,,1,BEN,
SSA,PASEC,2014,0,2,,1,BFA,
SSA,PASEC,2014,0,3,,1,BDI,
SSA,PASEC,2014,0,4,,1,CMR,
SSA,PASEC,2014,0,5,,1,COG,
SSA,PASEC,2014,0,6,,1,CIV,
SSA,PASEC,2014,0,7,,1,NER,
SSA,PASEC,2014,0,8,,1,SEN,
SSA,PASEC,2014,0,9,,1,TCD,
SSA,PASEC,2014,0,10,,1,TGO,
SSA,PASEC,1996,1,,BFA,1,BFA,
SSA,PASEC,1996,1,,Burkina Faso,1,BFA,
SSA,PASEC,1996,1,,Burundi,1,BDI,
SSA,PASEC,1996,1,,Bénin,1,BEN,
SSA,PASEC,1996,1,,Cameroun,1,CMR,
SSA,PASEC,1996,1,,Comores,1,COM,
SSA,PASEC,1996,1,,Congo,1,COG,
SSA,PASEC,1996,1,,Cote dIvoire,1,CIV,
SSA,PASEC,1996,1,,GAB,1,GAB,
SSA,PASEC,1996,1,,Gabon,1,GAB,
SSA,PASEC-X,1996,1,,Guinea,1,GIN,
SSA,PASEC,1996,1,,Madagascar,1,MDG,
SSA,PASEC,1996,1,,Mali,1,MLI,
SSA,PASEC,1996,1,,Maurice,1,MUS,
SSA,PASEC,1996,1,,Mauritanie,1,MRT,
SSA,PASEC,1996,1,,Niger,1,NER,
SSA,PASEC,1996,1,,RDC,1,COD,
SSA,PASEC,1996,1,,Senégal,1,SEN,
SSA,PASEC,1996,1,,TCD,1,TCD,
SSA,PASEC,1996,1,,TGO,1,TGO,
SSA,PASEC,1996,1,,Tchad,1,TCD,
SSA,PASEC,1996,1,,Togo,1,TGO,
SSA,SACMEQ,2000,0,72,,1,BWA,
SSA,SACMEQ,2000,0,404,,1,KEN,
SSA,SACMEQ,2000,0,426,,1,LSO,
SSA,SACMEQ,2000,0,454,,1,MWI,
SSA,SACMEQ,2000,0,480,,1,MUS,
SSA,SACMEQ,2000,0,508,,1,MOZ,
SSA,SACMEQ,2000,0,516,,1,NAM,
SSA,SACMEQ,2000,0,690,,1,SYC,
SSA,SACMEQ,2000,0,710,,1,ZAF,
SSA,SACMEQ,2000,0,748,,1,SWZ,
SSA,SACMEQ,2000,0,834,,1,TZA,
SSA,SACMEQ,2000,0,800,,1,UGA,
SSA,SACMEQ,2000,0,894,,1,ZMB,
SSA,SACMEQ,2000,0,8341,,0,TZA,Zanzibar only
SSA,SACMEQ,1995,0,254,,1,KEN,
SSA,SACMEQ,1995,0,265,,1,MWI,
SSA,SACMEQ,1995,0,230,,1,MUS,
SSA,SACMEQ,1995,0,264,,1,NAM,
SSA,SACMEQ,1995,0,260,,1,ZMB,
SSA,SACMEQ,1995,0,54,,0,TZA,Zanzibar only
SSA,SACMEQ,1995,0,263,,1,ZWE,
SSA,SACMEQ,2007,0,72,,1,BWA,
SSA,SACMEQ,2007,0,404,,1,KEN,
SSA,SACMEQ,2007,0,426,,1,LSO,
SSA,SACMEQ,2007,0,454,,1,MWI,
SSA,SACMEQ,2007,0,480,,1,MUS,
SSA,SACMEQ,2007,0,508,,1,MOZ,
SSA,SACMEQ,2007,0,516,,1,NAM,
SSA,SACMEQ,2007,0,690,,1,SYC,
SSA,SACMEQ,2007,0,710,,1,ZAF,
SSA,SACMEQ,2007,0,748,,1,SWZ,
SSA,SACMEQ,2007,0,834,,1,TZA,
SSA,SACMEQ,2007,0,800,,1,UGA,
SSA,SACMEQ,2007,0,894,,1,ZMB,
SSA,SACMEQ,2007,0,8341,,0,TZA,Zanzibar only
SSA,SACMEQ,2007,0,716,,1,ZWE,
EAP,PILNA,2012,0,90,,1,SLB,
EAP,PILNA,2012,0,184,,1,COK,
EAP,PILNA,2012,0,242,,1,FJI,
EAP,PILNA,2012,0,296,,1,KIR,
EAP,PILNA,2012,0,520,,1,NRU,
EAP,PILNA,2012,0,548,,1,VUT,
EAP,PILNA,2012,0,570,,1,NIU,
EAP,PILNA,2012,0,583,,1,FSM,
EAP,PILNA,2012,0,584,,1,MHL,
EAP,PILNA,2012,0,585,,1,PLW,
EAP,PILNA,2012,0,598,,1,PNG,
EAP,PILNA,2012,0,772,,1,TKL,
EAP,PILNA,2012,0,798,,1,TUV,
EAP,PILNA,2012,0,882,,1,WSM,
EAP,PILNA,2012,0,776,,1,TON,
EAP,PILNA,2015,1,,Solomon Islands,1,SLB,
EAP,PILNA,2015,1,,Cook Islands,1,COK,
EAP,PILNA,2015,1,,Kiribati,1,KIR,
EAP,PILNA,2015,1,,Vanuatu,1,VUT,
EAP,PILNA,2015,1,,Niue,1,NIU,
EAP,PILNA,2015,1,,FSM (Micronesia),1,FSM,
EAP,PILNA,2015,1,,RMI (Marshalls),1,MHL,
EAP,PILNA,2015,1,,Palau,1,PLW,
EAP,PILNA,2015,1,,Tokelau,1,TKL,
EAP,PILNA,2015,1,,Tonga,1,TON,
EAP,PILNA,2015,1,,Tuvalu,1,TUV,
EAP,PILNA,2015,1,,Samoa,1,WSM,
EAP,PILNA,2015,1,,Papua New Guinea,1,PNG,
EAP,PILNA,2018,0,90,,1,SLB,
EAP,PILNA,2018,0,184,,1,COK,
EAP,PILNA,2018,0,242,,1,FJI,
EAP,PILNA,2018,0,296,,1,KIR,
EAP,PILNA,2018,0,520,,1,NRU,
EAP,PILNA,2018,0,548,,1,VUT,
EAP,PILNA,2018,0,570,,1,NIU,
EAP,PILNA,2018,0,583,,1,FSM,
EAP,PILNA,2018,0,584,,1,MHL,
EAP,PILNA,2018,0,585,,1,PLW,
EAP,PILNA,2018,0,598,,1,PNG,
EAP,PILNA,2018,0,772,,1,TKL,
EAP,PILNA,2018,0,776,,1,TON,
EAP,PILNA,2018,0,798,,1,TUV,
EAP,PILNA,2018,0,882,,1,WSM,
LAC,EGRA,2016,1,,AB,1,ATG,
LAC,EGRA,2016,1,,DOM,1,DMA,
LAC,EGRA,2016,1,,GREN,1,GRD,
LAC,EGRA,2016,1,,SK,1,KNA,
LAC,EGRA,2016,1,,SLU,1,LCA,
LAC,EGRA,2016,1,,SVG,1,VCT,
LAC,EGRA,2016,1,,NEVIS,1,KNA,
WLD,PISA,2000,1,,ALB,1,ALB,
WLD,PISA,2000,1,,ARG,1,ARG,
WLD,PISA,2000,1,,AUS,1,AUS,
WLD,PISA,2000,1,,AUT,1,AUT,
WLD,PISA,2000,1,,BEL,1,BEL,
WLD,PISA,2000,1,,BGR,1,BGR,
WLD,PISA,2000,1,,BRA,1,BRA,
WLD,PISA,2000,1,,CAN,1,CAN,
WLD,PISA,2000,1,,CHE,1,CHE,
WLD,PISA,2000,1,,CHL,1,CHL,
WLD,PISA,2000,1,,CZE,1,CZE,
WLD,PISA,2000,1,,DEU,1,DEU,
WLD,PISA,2000,1,,DNK,1,DNK,
WLD,PISA,2000,1,,ESP,1,ESP,
WLD,PISA,2000,1,,FIN,1,FIN,
WLD,PISA,2000,1,,FRA,1,FRA,
WLD,PISA,2000,1,,GBR,1,GBR,
WLD,PISA,2000,1,,GRC,1,GRC,
WLD,PISA,2000,1,,HKG,1,HKG,
WLD,PISA,2000,1,,HUN,1,HUN,
WLD,PISA,2000,1,,IDN,1,IDN,
WLD,PISA,2000,1,,IRL,1,IRL,
WLD,PISA,2000,1,,ISL,1,ISL,
WLD,PISA,2000,1,,ISR,1,ISR,
WLD,PISA,2000,1,,ITA,1,ITA,
WLD,PISA,2000,1,,JPN,1,JPN,
WLD,PISA,2000,1,,KOR,1,KOR,
WLD,PISA,2000,1,,LIE,1,LIE,
WLD,PISA,2000,1,,LUX,1,LUX,
WLD,PISA,2000,1,,LVA,1,LVA,
WLD,PISA,2000,1,,MEX,1,MEX,
WLD,PISA,2000,1,,MKD,1,MKD,
WLD,PISA,2000,1,,NLD,1,NLD,
WLD,PISA,2000,1,,NOR,1,NOR,
WLD,PISA,2000,1,,NZL,1,NZL,
WLD,PISA,2000,1,,PER,1,PER,
WLD,PISA,2000,1,,POL,1,POL,
WLD,PISA,2000,1,,PRT,1,PRT,
WLD,PISA,2000,1,,ROM,1,ROU,
WLD,PISA,2000,1,,RUS,1,RUS,
WLD,PISA,2000,1,,SWE,1,SWE,
WLD,PISA,2000,1,,THA,1,THA,
WLD,PISA,2000,1,,USA,1,USA,
WLD,PISA,2003,1,,AUS,1,AUS,
WLD,PISA,2003,1,,AUT,1,AUT,
WLD,PISA,2003,1,,BEL,1,BEL,
WLD,PISA,2003,1,,BRA,1,BRA,
WLD,PISA,2003,1,,CAN,1,CAN,
WLD,PISA,2003,1,,CHE,1,CHE,
WLD,PISA,2003,1,,CZE,1,CZE,
WLD,PISA,2003,1,,DEU,1,DEU,
WLD,PISA,2003,1,,DNK,1,DNK,
WLD,PISA,2003,1,,ESP,1,ESP,
WLD,PISA,2003,1,,FIN,1,FIN,
WLD,PISA,2003,1,,FRA,1,FRA,
WLD,PISA,2003,1,,GBR,1,GBR,
WLD,PISA,2003,1,,GRC,1,GRC,
WLD,PISA,2003,1,,HKG,1,HKG,
WLD,PISA,2003,1,,HUN,1,HUN,
WLD,PISA,2003,1,,IDN,1,IDN,
WLD,PISA,2003,1,,IRL,1,IRL,
WLD,PISA,2003,1,,ISL,1,ISL,
WLD,PISA,2003,1,,ITA,1,ITA,
WLD,PISA,2003,1,,JPN,1,JPN,
WLD,PISA,2003,1,,KOR,1,KOR,
WLD,PISA,2003,1,,LIE,1,LIE,
WLD,PISA,2003,1,,LUX,1,LUX,
WLD,PISA,2003,1,,LVA,1,LVA,
WLD,PISA,2003,1,,MAC,1,MAC,
WLD,PISA,2003,1,,MEX,1,MEX,
WLD,PISA,2003,1,,NLD,1,NLD,
WLD,PISA,2003,1,,NOR,1,NOR,
WLD,PISA,2003,1,,NZL,1,NZL,
WLD,PISA,2003,1,,POL,1,POL,
WLD,PISA,2003,1,,PRT,1,PRT,
WLD,PISA,2003,1,,RUS,1,RUS,
WLD,PISA,2003,1,,SVK,1,SVK,
WLD,PISA,2003,1,,SWE,1,SWE,
WLD,PISA,2003,1,,THA,1,THA,
WLD,PISA,2003,1,,TUN,1,TUN,
WLD,PISA,2003,1,,TUR,1,TUR,
WLD,PISA,2003,1,,URY,1,URY,
WLD,PISA,2003,1,,USA,1,USA,
WLD,PISA,2003,1,,YUG,1,SRB,"*For the country Serbia and Montenegro, data for Montenegro are not available in PISA 2003. The latter accounts for 7.9 per cent of the national population. The name “Serbia” is used as a shorthand for the Serbian part of Serbia and Montenegro. [PISA 2003 - Data Analysis Manual - page 12]"
WLD,PISA,2006,1,,ARG,1,ARG,
WLD,PISA,2006,1,,AUS,1,AUS,
WLD,PISA,2006,1,,AUT,1,AUT,
WLD,PISA,2006,1,,AZE,1,AZE,
WLD,PISA,2006,1,,BEL,1,BEL,
WLD,PISA,2006,1,,BGR,1,BGR,
WLD,PISA,2006,1,,BRA,1,BRA,
WLD,PISA,2006,1,,CAN,1,CAN,
WLD,PISA,2006,1,,CHE,1,CHE,
WLD,PISA,2006,1,,CHL,1,CHL,
WLD,PISA,2006,1,,COL,1,COL,
WLD,PISA,2006,1,,CZE,1,CZE,
WLD,PISA,2006,1,,DEU,1,DEU,
WLD,PISA,2006,1,,DNK,1,DNK,
WLD,PISA,2006,1,,ESP,1,ESP,
WLD,PISA,2006,1,,EST,1,EST,
WLD,PISA,2006,1,,FIN,1,FIN,
WLD,PISA,2006,1,,FRA,1,FRA,
WLD,PISA,2006,1,,GBR,1,GBR,
WLD,PISA,2006,1,,GRC,1,GRC,
WLD,PISA,2006,1,,HKG,1,HKG,
WLD,PISA,2006,1,,HRV,1,HRV,
WLD,PISA,2006,1,,HUN,1,HUN,
WLD,PISA,2006,1,,IDN,1,IDN,
WLD,PISA,2006,1,,IRL,1,IRL,
WLD,PISA,2006,1,,ISL,1,ISL,
WLD,PISA,2006,1,,ISR,1,ISR,
WLD,PISA,2006,1,,ITA,1,ITA,
WLD,PISA,2006,1,,JOR,1,JOR,
WLD,PISA,2006,1,,JPN,1,JPN,
WLD,PISA,2006,1,,KGZ,1,KGZ,
WLD,PISA,2006,1,,KOR,1,KOR,
WLD,PISA,2006,1,,LIE,1,LIE,
WLD,PISA,2006,1,,LTU,1,LTU,
WLD,PISA,2006,1,,LUX,1,LUX,
WLD,PISA,2006,1,,LVA,1,LVA,
WLD,PISA,2006,1,,MAC,1,MAC,
WLD,PISA,2006,1,,MEX,1,MEX,
WLD,PISA,2006,1,,MNE,1,MNE,
WLD,PISA,2006,1,,NLD,1,NLD,
WLD,PISA,2006,1,,NOR,1,NOR,
WLD,PISA,2006,1,,NZL,1,NZL,
WLD,PISA,2006,1,,POL,1,POL,
WLD,PISA,2006,1,,PRT,1,PRT,
WLD,PISA,2006,1,,QAT,1,QAT,
WLD,PISA,2006,1,,ROU,1,ROU,
WLD,PISA,2006,1,,RUS,1,RUS,
WLD,PISA,2006,1,,SRB,1,SRB,
WLD,PISA,2006,1,,SVK,1,SVK,
WLD,PISA,2006,1,,SVN,1,SVN,
WLD,PISA,2006,1,,SWE,1,SWE,
WLD,PISA,2006,1,,TAP,1,TWN,
WLD,PISA,2006,1,,THA,1,THA,
WLD,PISA,2006,1,,TUN,1,TUN,
WLD,PISA,2006,1,,TUR,1,TUR,
WLD,PISA,2006,1,,URY,1,URY,
WLD,PISA,2006,1,,USA,1,USA,
WLD,PISA,2009,1,,ALB,1,ALB,
WLD,PISA,2009,1,,ARE,1,ARE,
WLD,PISA,2009,1,,ARG,1,ARG,
WLD,PISA,2009,1,,AUS,1,AUS,
WLD,PISA,2009,1,,AUT,1,AUT,
WLD,PISA,2009,1,,AZE,1,AZE,
WLD,PISA,2009,1,,BEL,1,BEL,
WLD,PISA,2009,1,,BGR,1,BGR,
WLD,PISA,2009,1,,BRA,1,BRA,
WLD,PISA,2009,1,,CAN,1,CAN,
WLD,PISA,2009,1,,CHE,1,CHE,
WLD,PISA,2009,1,,CHL,1,CHL,
WLD,PISA,2009,1,,COL,1,COL,
WLD,PISA,2009,1,,CRI,1,CRI,
WLD,PISA,2009,1,,CZE,1,CZE,
WLD,PISA,2009,1,,DEU,1,DEU,
WLD,PISA,2009,1,,DNK,1,DNK,
WLD,PISA,2009,1,,ESP,1,ESP,
WLD,PISA,2009,1,,EST,1,EST,
WLD,PISA,2009,1,,FIN,1,FIN,
WLD,PISA,2009,1,,FRA,1,FRA,
WLD,PISA,2009,1,,GBR,1,GBR,
WLD,PISA,2009,1,,GEO,1,GEO,
WLD,PISA,2009,1,,GRC,1,GRC,
WLD,PISA,2009,1,,HKG,1,HKG,
WLD,PISA,2009,1,,HRV,1,HRV,
WLD,PISA,2009,1,,HUN,1,HUN,
WLD,PISA,2009,1,,IDN,1,IDN,
WLD,PISA,2009,1,,IRL,1,IRL,
WLD,PISA,2009,1,,ISL,1,ISL,
WLD,PISA,2009,1,,ISR,1,ISR,
WLD,PISA,2009,1,,ITA,1,ITA,
WLD,PISA,2009,1,,JOR,1,JOR,
WLD,PISA,2009,1,,JPN,1,JPN,
WLD,PISA,2009,1,,KAZ,1,KAZ,
WLD,PISA,2009,1,,KGZ,1,KGZ,
WLD,PISA,2009,1,,KOR,1,KOR,
WLD,PISA,2009,1,,LIE,1,LIE,
WLD,PISA,2009,1,,LTU,1,LTU,
WLD,PISA,2009,1,,LUX,1,LUX,
WLD,PISA,2009,1,,LVA,1,LVA,
WLD,PISA,2009,1,,MAC,1,MAC,
WLD,PISA,2009,1,,MDA,1,MDA,
WLD,PISA,2009,1,,MEX,1,MEX,
WLD,PISA,2009,1,,MLT,1,MLT,
WLD,PISA,2009,1,,MNE,1,MNE,
WLD,PISA,2009,1,,MUS,1,MUS,
WLD,PISA,2009,1,,MYS,1,MYS,
WLD,PISA,2009,1,,NLD,1,NLD,
WLD,PISA,2009,1,,NOR,1,NOR,
WLD,PISA,2009,1,,NZL,1,NZL,
WLD,PISA,2009,1,,PAN,1,PAN,
WLD,PISA,2009,1,,PER,1,PER,
WLD,PISA,2009,1,,POL,1,POL,
WLD,PISA,2009,1,,PRT,1,PRT,
WLD,PISA,2009,1,,QAT,1,QAT,
WLD,PISA,2009,1,,QCN,0,CHN,Shanghai
WLD,PISA,2009,1,,QHP,0,IND,Himachal Pradesh
WLD,PISA,2009,1,,QTN,0,IND,Tamil Nadu
WLD,PISA,2009,1,,QVE,0,VEN,Miranda
WLD,PISA,2009,1,,ROU,1,ROU,
WLD,PISA,2009,1,,RUS,1,RUS,
WLD,PISA,2009,1,,SGP,1,SGP,
WLD,PISA,2009,1,,SRB,1,SRB,
WLD,PISA,2009,1,,SVK,1,SVK,
WLD,PISA,2009,1,,SVN,1,SVN,
WLD,PISA,2009,1,,SWE,1,SWE,
WLD,PISA,2009,1,,TAP,1,TWN,
WLD,PISA,2009,1,,THA,1,THA,
WLD,PISA,2009,1,,TTO,1,TTO,
WLD,PISA,2009,1,,TUN,1,TUN,
WLD,PISA,2009,1,,TUR,1,TUR,
WLD,PISA,2009,1,,URY,1,URY,
WLD,PISA,2009,1,,USA,1,USA,
WLD,PISA,2012,1,,ALB,1,ALB,
WLD,PISA,2012,1,,ARE,1,ARE,
WLD,PISA,2012,1,,ARG,1,ARG,
WLD,PISA,2012,1,,AUS,1,AUS,
WLD,PISA,2012,1,,AUT,1,AUT,
WLD,PISA,2012,1,,BEL,1,BEL,
WLD,PISA,2012,1,,BGR,1,BGR,
WLD,PISA,2012,1,,BRA,1,BRA,
WLD,PISA,2012,1,,CAN,1,CAN,
WLD,PISA,2012,1,,CHE,1,CHE,
WLD,PISA,2012,1,,CHL,1,CHL,
WLD,PISA,2012,1,,COL,1,COL,
WLD,PISA,2012,1,,CRI,1,CRI,
WLD,PISA,2012,1,,CZE,1,CZE,
WLD,PISA,2012,1,,DEU,1,DEU,
WLD,PISA,2012,1,,DNK,1,DNK,
WLD,PISA,2012,1,,ESP,1,ESP,
WLD,PISA,2012,1,,EST,1,EST,
WLD,PISA,2012,1,,FIN,1,FIN,
WLD,PISA,2012,1,,FRA,1,FRA,
WLD,PISA,2012,1,,GBR,1,GBR,
WLD,PISA,2012,1,,GRC,1,GRC,
WLD,PISA,2012,1,,HKG,1,HKG,
WLD,PISA,2012,1,,HRV,1,HRV,
WLD,PISA,2012,1,,HUN,1,HUN,
WLD,PISA,2012,1,,IDN,1,IDN,
WLD,PISA,2012,1,,IRL,1,IRL,
WLD,PISA,2012,1,,ISL,1,ISL,
WLD,PISA,2012,1,,ISR,1,ISR,
WLD,PISA,2012,1,,ITA,1,ITA,
WLD,PISA,2012,1,,JOR,1,JOR,
WLD,PISA,2012,1,,JPN,1,JPN,
WLD,PISA,2012,1,,KAZ,1,KAZ,
WLD,PISA,2012,1,,KOR,1,KOR,
WLD,PISA,2012,1,,LIE,1,LIE,
WLD,PISA,2012,1,,LTU,1,LTU,
WLD,PISA,2012,1,,LUX,1,LUX,
WLD,PISA,2012,1,,LVA,1,LVA,
WLD,PISA,2012,1,,MAC,1,MAC,
WLD,PISA,2012,1,,MEX,1,MEX,
WLD,PISA,2012,1,,MNE,1,MNE,
WLD,PISA,2012,1,,MYS,1,MYS,
WLD,PISA,2012,1,,NLD,1,NLD,
WLD,PISA,2012,1,,NOR,1,NOR,
WLD,PISA,2012,1,,NZL,1,NZL,
WLD,PISA,2012,1,,PER,1,PER,
WLD,PISA,2012,1,,POL,1,POL,
WLD,PISA,2012,1,,PRT,1,PRT,
WLD,PISA,2012,1,,QAT,1,QAT,
WLD,PISA,2012,1,,QCN,0,CHN,Shanghai
WLD,PISA,2012,1,,QRS,0,ESP,Perm
WLD,PISA,2012,1,,ROU,1,ROU,
WLD,PISA,2012,1,,RUS,1,RUS,
WLD,PISA,2012,1,,SGP,1,SGP,
WLD,PISA,2012,1,,SRB,1,SRB,
WLD,PISA,2012,1,,SVK,1,SVK,
WLD,PISA,2012,1,,SVN,1,SVN,
WLD,PISA,2012,1,,SWE,1,SWE,
WLD,PISA,2012,1,,TAP,1,TWN,
WLD,PISA,2012,1,,THA,1,THA,
WLD,PISA,2012,1,,TUN,1,TUN,
WLD,PISA,2012,1,,TUR,1,TUR,
WLD,PISA,2012,1,,URY,1,URY,
WLD,PISA,2012,1,,USA,1,USA,
WLD,PISA,2012,1,,VNM,1,VNM,
WLD,PISA,2015,1,,ALB,1,ALB,
WLD,PISA,2015,1,,ARE,1,ARE,
WLD,PISA,2015,1,,AUS,1,AUS,
WLD,PISA,2015,1,,AUT,1,AUT,
WLD,PISA,2015,1,,BEL,1,BEL,
WLD,PISA,2015,1,,BGR,1,BGR,
WLD,PISA,2015,1,,BRA,1,BRA,
WLD,PISA,2015,1,,CAN,1,CAN,
WLD,PISA,2015,1,,CHE,1,CHE,
WLD,PISA,2015,1,,CHL,1,CHL,
WLD,PISA,2015,1,,COL,1,COL,
WLD,PISA,2015,1,,CRI,1,CRI,
WLD,PISA,2015,1,,CZE,1,CZE,
WLD,PISA,2015,1,,DEU,1,DEU,
WLD,PISA,2015,1,,DNK,1,DNK,
WLD,PISA,2015,1,,DOM,1,DOM,
WLD,PISA,2015,1,,DZA,1,DZA,
WLD,PISA,2015,1,,ESP,1,ESP,
WLD,PISA,2015,1,,EST,1,EST,
WLD,PISA,2015,1,,FIN,1,FIN,
WLD,PISA,2015,1,,FRA,1,FRA,
WLD,PISA,2015,1,,GBR,1,GBR,
WLD,PISA,2015,1,,GEO,1,GEO,
WLD,PISA,2015,1,,GRC,1,GRC,
WLD,PISA,2015,1,,HKG,1,HKG,
WLD,PISA,2015,1,,HRV,1,HRV,
WLD,PISA,2015,1,,HUN,1,HUN,
WLD,PISA,2015,1,,IDN,1,IDN,
WLD,PISA,2015,1,,IRL,1,IRL,
WLD,PISA,2015,1,,ISL,1,ISL,
WLD,PISA,2015,1,,ISR,1,ISR,
WLD,PISA,2015,1,,ITA,1,ITA,
WLD,PISA,2015,1,,JOR,1,JOR,
WLD,PISA,2015,1,,JPN,1,JPN,
WLD,PISA,2015,1,,KOR,1,KOR,
WLD,PISA,2015,1,,KSV,1,XKX,
WLD,PISA,2015,1,,LBN,1,LBN,
WLD,PISA,2015,1,,LTU,1,LTU,
WLD,PISA,2015,1,,LUX,1,LUX,
WLD,PISA,2015,1,,LVA,1,LVA,
WLD,PISA,2015,1,,MAC,1,MAC,
WLD,PISA,2015,1,,MDA,1,MDA,
WLD,PISA,2015,1,,MEX,1,MEX,
WLD,PISA,2015,1,,MKD,1,MKD,
WLD,PISA,2015,1,,MLT,1,MLT,
WLD,PISA,2015,1,,MNE,1,MNE,
WLD,PISA,2015,1,,NLD,1,NLD,
WLD,PISA,2015,1,,NOR,1,NOR,
WLD,PISA,2015,1,,NZL,1,NZL,
WLD,PISA,2015,1,,PER,1,PER,
WLD,PISA,2015,1,,POL,1,POL,
WLD,PISA,2015,1,,PRT,1,PRT,
WLD,PISA,2015,1,,QAR,0,ARG,Buenos Aires only
WLD,PISA,2015,1,,QAT,1,QAT,
WLD,PISA,2015,1,,QCH,0,CHN,"Beijing, Shaanxi, Jiangxi, Guizhou"
WLD,PISA,2015,1,,QES,0,ESP,Spain (Regions)
WLD,PISA,2015,1,,QUC,0,USA,Massachusettes (USA)
WLD,PISA,2015,1,,QUD,0,USA,Puerto Rico (USA)
WLD,PISA,2015,1,,QUE,0,USA,North Carolina (USA)
WLD,PISA,2015,1,,ROU,1,ROU,
WLD,PISA,2015,1,,RUS,1,RUS,
WLD,PISA,2015,1,,SGP,1,SGP,
WLD,PISA,2015,1,,SVK,1,SVK,
WLD,PISA,2015,1,,SVN,1,SVN,
WLD,PISA,2015,1,,SWE,1,SWE,
WLD,PISA,2015,1,,TAP,1,TWN,
WLD,PISA,2015,1,,THA,1,THA,
WLD,PISA,2015,1,,TTO,1,TTO,
WLD,PISA,2015,1,,TUN,1,TUN,
WLD,PISA,2015,1,,TUR,1,TUR,
WLD,PISA,2015,1,,URY,1,URY,
WLD,PISA,2015,1,,USA,1,USA,
WLD,PISA,2015,1,,VNM,1,VNM,
WLD,PISA,2018,1,,AUS,1,AUS,
WLD,PISA,2018,1,,AUT,1,AUT,
WLD,PISA,2018,1,,BEL,1,BEL,
WLD,PISA,2018,1,,BRA,1,BRA,
WLD,PISA,2018,1,,CAN,1,CAN,
WLD,PISA,2018,1,,CHL,1,CHL,
WLD,PISA,2018,1,,CZE,1,CZE,
WLD,PISA,2018,1,,DNK,1,DNK,
WLD,PISA,2018,1,,EST,1,EST,
WLD,PISA,2018,1,,FIN,1,FIN,
WLD,PISA,2018,1,,FRA,1,FRA,
WLD,PISA,2018,1,,DEU,1,DEU,
WLD,PISA,2018,1,,GRC,1,GRC,
WLD,PISA,2018,1,,HUN,1,HUN,
WLD,PISA,2018,1,,ISL,1,ISL,
WLD,PISA,2018,1,,IRL,1,IRL,
WLD,PISA,2018,1,,ISR,1,ISR,
WLD,PISA,2018,1,,ITA,1,ITA,
WLD,PISA,2018,1,,JPN,1,JPN,
WLD,PISA,2018,1,,KOR,1,KOR,
WLD,PISA,2018,1,,LVA,1,LVA,
WLD,PISA,2018,1,,LTU,1,LTU,
WLD,PISA,2018,1,,LUX,1,LUX,
WLD,PISA,2018,1,,MEX,1,MEX,
WLD,PISA,2018,1,,NLD,1,NLD,
WLD,PISA,2018,1,,NZL,1,NZL,
WLD,PISA,2018,1,,NOR,1,NOR,
WLD,PISA,2018,1,,POL,1,POL,
WLD,PISA,2018,1,,PRT,1,PRT,
WLD,PISA,2018,1,,SVK,1,SVK,
WLD,PISA,2018,1,,SVN,1,SVN,
WLD,PISA,2018,1,,ESP,1,ESP,
WLD,PISA,2018,1,,SWE,1,SWE,
WLD,PISA,2018,1,,CHE,1,CHE,
WLD,PISA,2018,1,,TUR,1,TUR,
WLD,PISA,2018,1,,GBR,1,GBR,
WLD,PISA,2018,1,,USA,1,USA,
WLD,PISA,2018,1,,ALB,1,ALB,
WLD,PISA,2018,1,,ARG,1,ARG,
WLD,PISA,2018,1,,QAZ,0,AZE,Baku City only
WLD,PISA,2018,1,,BLR,1,BLR,
WLD,PISA,2018,1,,BIH,1,BIH,
WLD,PISA,2018,1,,BRN,1,BRN,
WLD,PISA,2018,1,,BGR,1,BGR,
WLD,PISA,2018,1,,QCI,0,CHN,"Beijing, Shaanxi, Jiangxi, Guizhou"
WLD,PISA,2018,1,,COL,1,COL,
WLD,PISA,2018,1,,CRI,1,CRI,
WLD,PISA,2018,1,,HRV,1,HRV,
WLD,PISA,2018,1,,DOM,1,DOM,
WLD,PISA,2018,1,,GEO,1,GEO,
WLD,PISA,2018,1,,HKG,1,HKG,
WLD,PISA,2018,1,,IDN,1,IDN,
WLD,PISA,2018,1,,JOR,1,JOR,
WLD,PISA,2018,1,,KAZ,1,KAZ,
WLD,PISA,2018,1,,KSV,1,XKX,
WLD,PISA,2018,1,,LBN,1,LBN,
WLD,PISA,2018,1,,MAC,1,MAC,
WLD,PISA,2018,1,,MKD,1,MKD,
WLD,PISA,2018,1,,MYS,1,MYS,
WLD,PISA,2018,1,,MLT,1,MLT,
WLD,PISA,2018,1,,MDA,1,MDA,
WLD,PISA,2018,1,,MNE,1,MNE,
WLD,PISA,2018,1,,MAR,1,MAR,
WLD,PISA,2018,1,,PAN,1,PAN,
WLD,PISA,2018,1,,PER,1,PER,
WLD,PISA,2018,1,,PHL,1,PHL,
WLD,PISA,2018,1,,QAT,1,QAT,
WLD,PISA,2018,1,,ROU,1,ROU,
WLD,PISA,2018,1,,RUS,1,RUS,
WLD,PISA,2018,1,,SRB,1,SRB,
WLD,PISA,2018,1,,SAU,1,SAU,
WLD,PISA,2018,1,,SGP,1,SGP,
WLD,PISA,2018,1,,TAP,1,TWN,
WLD,PISA,2018,1,,THA,1,THA,
WLD,PISA,2018,1,,ARE,1,ARE,
WLD,PISA,2018,1,,UKR,1,UKR,
WLD,PISA,2018,1,,URY,1,URY,
WLD,PISA,2018,1,,VNM,1,VNM,
WLD,PISA,2018,1,,QMR,0,RUS,Moscow
WLD,PISA,2018,1,,QRT,0,RUS,Tatarstan (RUS)
WLD,PISA,2017,1,,ECU,1,ECU,
WLD,PISA,2017,1,,GTM,1,GTM,
WLD,PISA,2017,1,,HND,1,HND,
WLD,PISA,2017,1,,KHM,1,KHM,
WLD,PISA,2017,1,,PRY,1,PRY,
WLD,PISA,2017,1,,SEN,1,SEN,
WLD,PISA,2017,1,,ZMB,1,ZMB,
WLD,PISA,2017,1,,BTN,0,BTN,
EAP,PILNA,2015,0,90,,1,SLB,
EAP,PILNA,2015,0,184,,1,COK,
EAP,PILNA,2015,0,296,,1,KIR,
EAP,PILNA,2015,0,548,,1,VUT,
EAP,PILNA,2015,0,570,,1,NIU,
EAP,PILNA,2015,0,583,,1,FSM,
EAP,PILNA,2015,0,584,,1,MHL,
EAP,PILNA,2015,0,585,,1,PLW,
EAP,PILNA,2015,0,598,,1,PNG,
EAP,PILNA,2015,0,772,,1,TKL,
EAP,PILNA,2015,0,776,,1,TON,
EAP,PILNA,2015,0,798,,1,TUV,
EAP,PILNA,2015,0,882,,1,WSM,
CNT,NAS,2019,0,UZB,UZB,1,UZB,
WLD,MICS,2019,0,,,1,GUY,
WLD,MICS,2019,0,,,1,XKX,
WLD,MICS,2019,0,,,1,PSE,
WLD,MICS,2019,0,,,1,BGD,
WLD,MICS,2019,0,,,1,TCD,
WLD,MICS,2019,0,,,1,NPL,
WLD,MICS,2019,0,,,1,STP,
WLD,MICS,2019,0,,,1,THA,
WLD,MICS,2019,0,,,1,TON,
WLD,MICS,2019,0,,,1,TKM,
WLD,MICS,2019,0,,,1,ZWE,
WLD,MICS,2019,0,,,1,CAF,
WLD,MICS,2019,0,,,1,GNB,
WLD,MICS,2018,0,,,1,KIR,
WLD,MICS,2018,0,,,1,MKD,
WLD,MICS,2018,0,,,1,GMB,
WLD,MICS,2018,0,,,1,KGZ,
WLD,MICS,2018,0,,,1,LSO,
WLD,MICS,2018,0,,,1,MDG,
WLD,MICS,2018,0,,,1,MNG,
WLD,MICS,2018,0,,,1,SUR,
WLD,MICS,2018,0,,,1,TUN,
WLD,MICS,2018,0,,,1,COD,
WLD,MICS,2017,0,,,1,GHA,
WLD,MICS,2018,0,,,1,PAK,
WLD,MICS,2017,0,,,1,SLE,
WLD,MICS,2017,0,,,1,TGO,
WLD,EGRA,2016,0,,,1,AFG,
WLD,EGRA,2011,0,,,1,AGO,
WLD,EGRA,2016,0,,,1,ATG,
WLD,EGRA,2018,0,,,1,ATG,
WLD,EGRA,2011,0,,,1,BDI,
WLD,EGRA,2012,0,,,1,BDI,
WLD,EGRA,2014,0,,,1,BGD,
WLD,EGRA,2015,0,,,1,BGD,
WLD,EGRA,2016,0,,,1,BGD,
WLD,EGRA,2010,0,,,1,COD,
WLD,EGRA,2012,0,,,1,COD,
WLD,EGRA,2015,0,,,1,COD,
WLD,EGRA,2016,0,,,1,DMA,
WLD,EGRA,2018,0,,,1,DMA,
WLD,EGRA,2013,0,,,1,EGY,
WLD,EGRA,2010,0,,,1,ETH,
WLD,EGRA,2018,0,,,1,ETH,
WLD,EGRA,2013,0,,,1,GHA,
WLD,EGRA,2011,0,,,1,GMB,
WLD,EGRA,2013,0,,,1,GMB,
WLD,EGRA,2016,0,,,1,GRD,
WLD,EGRA,2018,0,,,1,GRD,
WLD,EGRA,2008,0,,,1,GUY,
WLD,EGRA,2008,0,,,1,HND,
WLD,EGRA,2012,0,,,1,HTI,
WLD,EGRA,2013,0,,,1,HTI,
WLD,EGRA,2015,0,,,1,HTI,
WLD,EGRA,2016,0,,,1,HTI,
WLD,EGRA,2014,0,,,1,IDN,
WLD,EGRA,2012,0,,,1,IRQ,
WLD,EGRA,2014,0,,,1,JAM,
WLD,EGRA,2012,0,,,1,JOR,
WLD,EGRA,2014,0,,,1,JOR,
WLD,EGRA,2012,0,,,1,KEN,
WLD,EGRA,2017,0,,,1,KGZ,
WLD,EGRA,2010,0,,,1,KHM,
WLD,EGRA,2012,0,,,1,KHM,
WLD,EGRA,2016,0,,,1,KIR,
WLD,EGRA,2016,0,,,1,KNA,
WLD,EGRA,2018,0,,,1,KNA,
WLD,EGRA,2012,0,,,1,LAO,
WLD,EGRA,2010,0,,,1,LBR,
WLD,EGRA,2013,0,,,1,LBR,
WLD,EGRA,2016,0,,,1,LCA,
WLD,EGRA,2018,0,,,1,LCA,
WLD,EGRA,2011,0,,,1,MAR,
WLD,EGRA,2015,0,,,1,MKD,
WLD,EGRA,2016,0,,,1,MKD,
WLD,EGRA,2009,0,,,1,MLI,
WLD,EGRA,2015,0,,,1,MLI,
WLD,EGRA,2014,0,,,1,MMR,
WLD,EGRA,2015,0,,,1,MMR,
WLD,EGRA,2016,0,,,1,MMR,
WLD,EGRA,2010,0,,,1,MWI,
WLD,EGRA,2012,0,,,1,MWI,
WLD,EGRA,2010,0,,,1,NGA,
WLD,EGRA,2014,0,,,1,NGA,
WLD,EGRA,2008,0,,,1,NIC,
WLD,EGRA,2013,0,,,1,PAK,
WLD,EGRA,2013,0,,,1,PHL,
WLD,EGRA,2011,0,,,1,PNG,
WLD,EGRA,2012,0,,,1,PNG,
WLD,EGRA,2013,0,,,1,PNG,
WLD,EGRA,2015,0,,,1,RWA,
WLD,EGRA,2016,0,,,1,RWA,
WLD,EGRA,2015,0,,,1,SDN,
WLD,EGRA,2009,0,,,1,SEN,
WLD,EGRA,2017,0,,,1,SLB,
WLD,EGRA,2014,0,,,1,SLE,
WLD,EGRA,2018,0,,,1,SLV,
WLD,EGRA,2016,0,,,1,TJK,
WLD,EGRA,2009,0,,,1,TLS,
WLD,EGRA,2011,0,,,1,TLS,
WLD,EGRA,2009,0,,,1,TON,
WLD,EGRA,2014,0,,,1,TON,
WLD,EGRA,2016,0,,,1,TUV,
WLD,EGRA,2013,0,,,1,TZA,
WLD,EGRA,2009,0,,,1,UGA,
WLD,EGRA,2016,0,,,1,VCT,
WLD,EGRA,2018,0,,,1,VCT,
WLD,EGRA,2010,0,,,1,VUT,
WLD,EGRA,2017,0,,,1,WSM,
WLD,EGRA,2011,0,,,1,YEM,
WLD,EGRA,2011,0,,,1,ZMB,
