cntabb,test,year,n_res,subject,grade
AFG,EGRA,2016,National,reading,2-4
AGO,EGRA,2011,National,reading,2-4
ALB,PISA,2000,National,math,8
ALB,PISA,2000,National,reading,8
ALB,PISA,2000,National,science,8
ALB,PISA,2009,National,math,8
ALB,PISA,2009,National,reading,8
ALB,PISA,2009,National,science,8
ALB,PISA,2012,National,math,8
ALB,PISA,2012,National,reading,8
ALB,PISA,2012,National,science,8
ALB,PISA,2015,National,math,8
ALB,PISA,2015,National,reading,8
ALB,PISA,2015,National,science,8
ALB,PISA,2018,National,math,8
ALB,PISA,2018,National,reading,8
ALB,PISA,2018,National,science,8
ARE,PISA,2009,National,math,8
ARE,PISA,2009,National,reading,8
ARE,PISA,2009,National,science,8
ARE,PIRLS,2011,National,reading,4
ARE,TIMSS,2011,National,math,4
ARE,TIMSS,2011,National,math,8
ARE,TIMSS,2011,National,science,4
ARE,TIMSS,2011,National,science,8
ARE,PISA,2012,National,math,8
ARE,PISA,2012,National,reading,8
ARE,PISA,2012,National,science,8
ARE,PISA,2015,National,math,8
ARE,PISA,2015,National,reading,8
ARE,PISA,2015,National,science,8
ARE,TIMSS,2015,National,math,4
ARE,TIMSS,2015,National,math,8
ARE,TIMSS,2015,National,science,4
ARE,TIMSS,2015,National,science,8
ARE,PIRLS,2016,National,reading,4
ARE,PISA,2018,National,math,8
ARE,PISA,2018,National,reading,8
ARE,PISA,2018,National,science,8
ARG,PISA,2000,National,math,8
ARG,PISA,2000,National,reading,8
ARG,PISA,2000,National,science,8
ARG,PIRLS,2001,National,reading,4
ARG,LLECE,2006,National,math,3
ARG,LLECE,2006,National,math,6
ARG,LLECE,2006,National,reading,3
ARG,LLECE,2006,National,reading,6
ARG,LLECE,2006,National,science,6
ARG,PISA,2006,National,math,8
ARG,PISA,2006,National,reading,8
ARG,PISA,2006,National,science,8
ARG,PISA,2009,National,math,8
ARG,PISA,2009,National,reading,8
ARG,PISA,2009,National,science,8
ARG,PISA,2012,National,math,8
ARG,PISA,2012,National,reading,8
ARG,PISA,2012,National,science,8
ARG,LLECE,2013,National,math,3
ARG,LLECE,2013,National,math,6
ARG,LLECE,2013,National,reading,3
ARG,LLECE,2013,National,reading,6
ARG,LLECE,2013,National,science,6
ARG,PISA,2018,National,math,8
ARG,PISA,2018,National,reading,8
ARG,PISA,2018,National,science,8
ARM,TIMSS,2003,National,math,4
ARM,TIMSS,2003,National,math,8
ARM,TIMSS,2003,National,science,4
ARM,TIMSS,2003,National,science,8
ARM,TIMSS,2007,National,math,4
ARM,TIMSS,2007,National,math,8
ARM,TIMSS,2007,National,science,4
ARM,TIMSS,2007,National,science,8
ARM,TIMSS,2011,National,math,4
ARM,TIMSS,2011,National,math,8
ARM,TIMSS,2011,National,science,4
ARM,TIMSS,2011,National,science,8
ATG,EGRA,2016,National,reading,2-4
ATG,EGRA,2018,National,reading,2-4
AUS,PISA,2000,National,math,8
AUS,PISA,2000,National,reading,8
AUS,PISA,2000,National,science,8
AUS,PISA,2003,National,math,8
AUS,PISA,2003,National,reading,8
AUS,PISA,2003,National,science,8
AUS,TIMSS,2003,National,math,4
AUS,TIMSS,2003,National,math,8
AUS,TIMSS,2003,National,science,4
AUS,TIMSS,2003,National,science,8
AUS,PISA,2006,National,math,8
AUS,PISA,2006,National,reading,8
AUS,PISA,2006,National,science,8
AUS,TIMSS,2007,National,math,4
AUS,TIMSS,2007,National,math,8
AUS,TIMSS,2007,National,science,4
AUS,TIMSS,2007,National,science,8
AUS,PISA,2009,National,math,8
AUS,PISA,2009,National,reading,8
AUS,PISA,2009,National,science,8
AUS,PIRLS,2011,National,reading,4
AUS,TIMSS,2011,National,math,4
AUS,TIMSS,2011,National,math,8
AUS,TIMSS,2011,National,science,4
AUS,TIMSS,2011,National,science,8
AUS,PISA,2012,National,math,8
AUS,PISA,2012,National,reading,8
AUS,PISA,2012,National,science,8
AUS,PISA,2015,National,math,8
AUS,PISA,2015,National,reading,8
AUS,PISA,2015,National,science,8
AUS,TIMSS,2015,National,math,4
AUS,TIMSS,2015,National,math,8
AUS,TIMSS,2015,National,science,4
AUS,TIMSS,2015,National,science,8
AUS,PIRLS,2016,National,reading,4
AUS,PISA,2018,National,math,8
AUS,PISA,2018,National,reading,8
AUS,PISA,2018,National,science,8
AUT,PISA,2000,National,math,8
AUT,PISA,2000,National,reading,8
AUT,PISA,2000,National,science,8
AUT,PISA,2003,National,math,8
AUT,PISA,2003,National,reading,8
AUT,PISA,2003,National,science,8
AUT,PIRLS,2006,National,reading,4
AUT,PISA,2006,National,math,8
AUT,PISA,2006,National,reading,8
AUT,PISA,2006,National,science,8
AUT,TIMSS,2007,National,math,4
AUT,TIMSS,2007,National,science,4
AUT,PISA,2009,National,math,8
AUT,PISA,2009,National,reading,8
AUT,PISA,2009,National,science,8
AUT,PIRLS,2011,National,reading,4
AUT,TIMSS,2011,National,math,4
AUT,TIMSS,2011,National,science,4
AUT,PISA,2012,National,math,8
AUT,PISA,2012,National,reading,8
AUT,PISA,2012,National,science,8
AUT,PISA,2015,National,math,8
AUT,PISA,2015,National,reading,8
AUT,PISA,2015,National,science,8
AUT,PIRLS,2016,National,reading,4
AUT,PISA,2018,National,math,8
AUT,PISA,2018,National,reading,8
AUT,PISA,2018,National,science,8
AZE,PISA,2006,National,math,8
AZE,PISA,2006,National,reading,8
AZE,PISA,2006,National,science,8
AZE,PISA,2009,National,math,8
AZE,PISA,2009,National,reading,8
AZE,PISA,2009,National,science,8
AZE,PIRLS,2011,National,reading,4
AZE,TIMSS,2011,National,math,4
AZE,TIMSS,2011,National,science,4
AZE,PIRLS,2016,National,reading,4
AZE,PISA,2018,Non National,math,8
AZE,PISA,2018,Non National,reading,8
AZE,PISA,2018,Non National,science,8
BDI,MLA,2000,National,math,4
BDI,PASEC,2006,National,math,5
BDI,PASEC,2006,National,reading,5
BDI,EGRA,2011,National,reading,2-4
BDI,EGRA,2012,National,reading,2-4
BDI,PASEC_2014,2014,National,math,6
BDI,PASEC_2014,2014,National,reading,6
BEL,PISA,2000,National,math,8
BEL,PISA,2000,National,reading,8
BEL,PISA,2000,National,science,8
BEL,PISA,2003,National,math,8
BEL,PISA,2003,National,reading,8
BEL,PISA,2003,National,science,8
BEL,PISA,2006,National,math,8
BEL,PISA,2006,National,reading,8
BEL,PISA,2006,National,science,8
BEL,PISA,2009,National,math,8
BEL,PISA,2009,National,reading,8
BEL,PISA,2009,National,science,8
BEL,PISA,2012,National,math,8
BEL,PISA,2012,National,reading,8
BEL,PISA,2012,National,science,8
BEL,PISA,2015,National,math,8
BEL,PISA,2015,National,reading,8
BEL,PISA,2015,National,science,8
BEL,PISA,2018,National,math,8
BEL,PISA,2018,National,reading,8
BEL,PISA,2018,National,science,8
BEN,PASEC,2006,National,math,5
BEN,PASEC,2006,National,reading,5
BEN,PASEC_2014,2014,National,math,6
BEN,PASEC_2014,2014,National,reading,6
BFA,PASEC,2006,National,math,5
BFA,PASEC,2006,National,reading,5
BFA,PASEC_2014,2014,National,math,6
BFA,PASEC_2014,2014,National,reading,6
BGD,EGRA,2014,Non National,reading,2-4
BGD,EGRA,2015,Non National,reading,2-4
BGD,EGRA,2016,Non National,reading,2-4
BGR,PISA,2000,National,math,8
BGR,PISA,2000,National,reading,8
BGR,PISA,2000,National,science,8
BGR,PIRLS,2001,National,reading,4
BGR,TIMSS,2003,National,math,8
BGR,TIMSS,2003,National,science,8
BGR,PIRLS,2006,National,reading,4
BGR,PISA,2006,National,math,8
BGR,PISA,2006,National,reading,8
BGR,PISA,2006,National,science,8
BGR,TIMSS,2007,National,math,8
BGR,TIMSS,2007,National,science,8
BGR,PISA,2009,National,math,8
BGR,PISA,2009,National,reading,8
BGR,PISA,2009,National,science,8
BGR,PIRLS,2011,National,reading,4
BGR,PISA,2012,National,math,8
BGR,PISA,2012,National,reading,8
BGR,PISA,2012,National,science,8
BGR,PISA,2015,National,math,8
BGR,PISA,2015,National,reading,8
BGR,PISA,2015,National,science,8
BGR,TIMSS,2015,National,math,4
BGR,TIMSS,2015,National,science,4
BGR,PIRLS,2016,National,reading,4
BGR,PISA,2018,National,math,8
BGR,PISA,2018,National,reading,8
BGR,PISA,2018,National,science,8
BHR,TIMSS,2003,National,math,8
BHR,TIMSS,2003,National,science,8
BHR,TIMSS,2007,National,math,8
BHR,TIMSS,2007,National,science,8
BHR,TIMSS,2011,National,math,4
BHR,TIMSS,2011,National,math,8
BHR,TIMSS,2011,National,science,4
BHR,TIMSS,2011,National,science,8
BHR,TIMSS,2015,National,math,4
BHR,TIMSS,2015,National,math,8
BHR,TIMSS,2015,National,science,4
BHR,TIMSS,2015,National,science,8
BHR,PIRLS,2016,National,reading,4
BIH,TIMSS,2007,National,math,8
BIH,TIMSS,2007,National,science,8
BIH,PISA,2018,National,math,8
BIH,PISA,2018,National,reading,8
BIH,PISA,2018,National,science,8
BLR,PISA,2018,National,math,8
BLR,PISA,2018,National,reading,8
BLR,PISA,2018,National,science,8
BLZ,PIRLS,2001,National,reading,4
BRA,PISA,2000,National,math,8
BRA,PISA,2000,National,reading,8
BRA,PISA,2000,National,science,8
BRA,PISA,2003,National,math,8
BRA,PISA,2003,National,reading,8
BRA,PISA,2003,National,science,8
BRA,LLECE,2006,National,math,3
BRA,LLECE,2006,National,math,6
BRA,LLECE,2006,National,reading,3
BRA,LLECE,2006,National,reading,6
BRA,PISA,2006,National,math,8
BRA,PISA,2006,National,reading,8
BRA,PISA,2006,National,science,8
BRA,PISA,2009,National,math,8
BRA,PISA,2009,National,reading,8
BRA,PISA,2009,National,science,8
BRA,PISA,2012,National,math,8
BRA,PISA,2012,National,reading,8
BRA,PISA,2012,National,science,8
BRA,LLECE,2013,National,math,3
BRA,LLECE,2013,National,math,6
BRA,LLECE,2013,National,reading,3
BRA,LLECE,2013,National,reading,6
BRA,LLECE,2013,National,science,6
BRA,PISA,2015,National,math,8
BRA,PISA,2015,National,reading,8
BRA,PISA,2015,National,science,8
BRA,PISA,2018,National,math,8
BRA,PISA,2018,National,reading,8
BRA,PISA,2018,National,science,8
BRN,PISA,2018,National,math,8
BRN,PISA,2018,National,reading,8
BRN,PISA,2018,National,science,8
BTN,PISA,2017,Non National,math,8
BTN,PISA,2017,Non National,reading,8
BTN,PISA,2017,Non National,science,8
BWA,MLA,2000,National,math,4
BWA,MLA,2000,National,reading,4
BWA,SACMEQ,2000,National,math,6
BWA,SACMEQ,2000,National,reading,6
BWA,TIMSS,2003,National,math,8
BWA,TIMSS,2003,National,science,8
BWA,SACMEQ,2007,National,math,6
BWA,SACMEQ,2007,National,reading,6
BWA,TIMSS,2007,National,math,8
BWA,TIMSS,2007,National,science,8
BWA,PIRLS,2011,National,reading,6
BWA,TIMSS,2011,National,math,6
BWA,TIMSS,2011,National,math,9
BWA,TIMSS,2011,National,science,6
BWA,TIMSS,2011,National,science,9
BWA,SACMEQ,2013,National,math,6
BWA,SACMEQ,2013,National,reading,6
BWA,TIMSS,2015,National,math,9
BWA,TIMSS,2015,National,science,9
CAN,PISA,2000,National,math,8
CAN,PISA,2000,National,reading,8
CAN,PISA,2000,National,science,8
CAN,PIRLS,2001,National,reading,4
CAN,PISA,2003,National,math,8
CAN,PISA,2003,National,reading,8
CAN,PISA,2003,National,science,8
CAN,PISA,2006,National,math,8
CAN,PISA,2006,National,reading,8
CAN,PISA,2006,National,science,8
CAN,PISA,2009,National,math,8
CAN,PISA,2009,National,reading,8
CAN,PISA,2009,National,science,8
CAN,PIRLS,2011,National,reading,4
CAN,PISA,2012,National,math,8
CAN,PISA,2012,National,reading,8
CAN,PISA,2012,National,science,8
CAN,PISA,2015,National,math,8
CAN,PISA,2015,National,reading,8
CAN,PISA,2015,National,science,8
CAN,TIMSS,2015,National,math,4
CAN,TIMSS,2015,National,math,8
CAN,TIMSS,2015,National,science,4
CAN,TIMSS,2015,National,science,8
CAN,PIRLS,2016,National,reading,4
CAN,PISA,2018,National,math,8
CAN,PISA,2018,National,reading,8
CAN,PISA,2018,National,science,8
CAR,EGRA,2019,Non National,reading,2-4
CHE,PISA,2000,National,math,8
CHE,PISA,2000,National,reading,8
CHE,PISA,2000,National,science,8
CHE,PISA,2003,National,math,8
CHE,PISA,2003,National,reading,8
CHE,PISA,2003,National,science,8
CHE,PISA,2006,National,math,8
CHE,PISA,2006,National,reading,8
CHE,PISA,2006,National,science,8
CHE,PISA,2009,National,math,8
CHE,PISA,2009,National,reading,8
CHE,PISA,2009,National,science,8
CHE,PISA,2012,National,math,8
CHE,PISA,2012,National,reading,8
CHE,PISA,2012,National,science,8
CHE,PISA,2015,National,math,8
CHE,PISA,2015,National,reading,8
CHE,PISA,2015,National,science,8
CHE,PISA,2018,National,math,8
CHE,PISA,2018,National,reading,8
CHE,PISA,2018,National,science,8
CHL,PISA,2000,National,math,8
CHL,PISA,2000,National,reading,8
CHL,PISA,2000,National,science,8
CHL,TIMSS,2003,National,math,8
CHL,TIMSS,2003,National,science,8
CHL,LLECE,2006,National,math,3
CHL,LLECE,2006,National,math,6
CHL,LLECE,2006,National,reading,3
CHL,LLECE,2006,National,reading,6
CHL,PISA,2006,National,math,8
CHL,PISA,2006,National,reading,8
CHL,PISA,2006,National,science,8
CHL,PISA,2009,National,math,8
CHL,PISA,2009,National,reading,8
CHL,PISA,2009,National,science,8
CHL,TIMSS,2011,National,math,4
CHL,TIMSS,2011,National,math,8
CHL,TIMSS,2011,National,science,4
CHL,TIMSS,2011,National,science,8
CHL,PISA,2012,National,math,8
CHL,PISA,2012,National,reading,8
CHL,PISA,2012,National,science,8
CHL,LLECE,2013,National,math,3
CHL,LLECE,2013,National,math,6
CHL,LLECE,2013,National,reading,3
CHL,LLECE,2013,National,reading,6
CHL,LLECE,2013,National,science,6
CHL,PISA,2015,National,math,8
CHL,PISA,2015,National,reading,8
CHL,PISA,2015,National,science,8
CHL,TIMSS,2015,National,math,4
CHL,TIMSS,2015,National,math,8
CHL,TIMSS,2015,National,science,4
CHL,TIMSS,2015,National,science,8
CHL,PIRLS,2016,National,reading,4
CHL,PISA,2018,National,math,8
CHL,PISA,2018,National,reading,8
CHL,PISA,2018,National,science,8
CHN,MLA,2000,National,math,4
CHN,MLA,2000,National,reading,4
CHN,PISA,2009,Non National,math,8
CHN,PISA,2009,Non National,reading,8
CHN,PISA,2009,Non National,science,8
CHN,NAEQ,2012,National,math,8
CHN,NAEQ,2012,National,science,8
CHN,PISA,2012,Non National,math,8
CHN,PISA,2012,Non National,reading,8
CHN,PISA,2012,Non National,science,8
CHN,PISA,2015,Non National,math,8
CHN,PISA,2015,Non National,reading,8
CHN,PISA,2015,Non National,science,8
CHN,PISA,2018,Non National,math,8
CHN,PISA,2018,Non National,reading,8
CHN,PISA,2018,Non National,science,8
CIV,PASEC,2006,National,math,5
CIV,PASEC,2006,National,reading,5
CIV,PASEC_2014,2014,National,math,6
CIV,PASEC_2014,2014,National,reading,6
CMR,PASEC,2006,National,math,5
CMR,PASEC,2006,National,reading,5
CMR,PASEC_2014,2014,National,math,6
CMR,PASEC_2014,2014,National,reading,6
COD,PASEC,2006,National,math,5
COD,PASEC,2006,National,reading,5
COD,EGRA,2010,Non National,reading,2-4
COD,EGRA,2012,Non National,reading,2-4
COD,EGRA,2015,Non National,reading,2-4
COG,PASEC,2006,National,math,5
COG,PASEC,2006,National,reading,5
COG,PASEC_2014,2014,National,math,6
COG,PASEC_2014,2014,National,reading,6
COK,PILNA,2015,National,reading,4
COK,PILNA,2018,National,reading,4
COL,PIRLS,2001,National,reading,4
COL,LLECE,2006,National,math,3
COL,LLECE,2006,National,math,6
COL,LLECE,2006,National,reading,3
COL,LLECE,2006,National,reading,6
COL,LLECE,2006,National,science,6
COL,PISA,2006,National,math,8
COL,PISA,2006,National,reading,8
COL,PISA,2006,National,science,8
COL,TIMSS,2007,National,math,4
COL,TIMSS,2007,National,math,8
COL,TIMSS,2007,National,science,4
COL,TIMSS,2007,National,science,8
COL,PISA,2009,National,math,8
COL,PISA,2009,National,reading,8
COL,PISA,2009,National,science,8
COL,PIRLS,2011,National,reading,4
COL,PISA,2012,National,math,8
COL,PISA,2012,National,reading,8
COL,PISA,2012,National,science,8
COL,LLECE,2013,National,math,3
COL,LLECE,2013,National,math,6
COL,LLECE,2013,National,reading,3
COL,LLECE,2013,National,reading,6
COL,LLECE,2013,National,science,6
COL,PISA,2015,National,math,8
COL,PISA,2015,National,reading,8
COL,PISA,2015,National,science,8
COL,PISA,2018,National,math,8
COL,PISA,2018,National,reading,8
COL,PISA,2018,National,science,8
COM,PASEC,2006,National,math,5
COM,PASEC,2006,National,reading,5
CRI,LLECE,2006,National,math,3
CRI,LLECE,2006,National,math,6
CRI,LLECE,2006,National,reading,3
CRI,LLECE,2006,National,reading,6
CRI,PISA,2009,National,math,8
CRI,PISA,2009,National,reading,8
CRI,PISA,2009,National,science,8
CRI,PISA,2012,National,math,8
CRI,PISA,2012,National,reading,8
CRI,PISA,2012,National,science,8
CRI,LLECE,2013,National,math,3
CRI,LLECE,2013,National,math,6
CRI,LLECE,2013,National,reading,3
CRI,LLECE,2013,National,reading,6
CRI,LLECE,2013,National,science,6
CRI,PISA,2015,National,math,8
CRI,PISA,2015,National,reading,8
CRI,PISA,2015,National,science,8
CRI,PISA,2018,National,math,8
CRI,PISA,2018,National,reading,8
CRI,PISA,2018,National,science,8
CUB,LLECE,2006,National,math,3
CUB,LLECE,2006,National,math,6
CUB,LLECE,2006,National,reading,3
CUB,LLECE,2006,National,reading,6
CUB,LLECE,2006,National,science,6
CYP,PIRLS,2001,National,reading,4
CYP,TIMSS,2003,National,math,4
CYP,TIMSS,2003,National,math,8
CYP,TIMSS,2003,National,science,4
CYP,TIMSS,2003,National,science,8
CYP,TIMSS,2007,National,math,8
CYP,TIMSS,2007,National,science,8
CYP,TIMSS,2015,National,math,4
CYP,TIMSS,2015,National,science,4
CZE,PISA,2000,National,math,8
CZE,PISA,2000,National,reading,8
CZE,PISA,2000,National,science,8
CZE,PIRLS,2001,National,reading,4
CZE,PISA,2003,National,math,8
CZE,PISA,2003,National,reading,8
CZE,PISA,2003,National,science,8
CZE,PISA,2006,National,math,8
CZE,PISA,2006,National,reading,8
CZE,PISA,2006,National,science,8
CZE,TIMSS,2007,National,math,4
CZE,TIMSS,2007,National,math,8
CZE,TIMSS,2007,National,science,4
CZE,TIMSS,2007,National,science,8
CZE,PISA,2009,National,math,8
CZE,PISA,2009,National,reading,8
CZE,PISA,2009,National,science,8
CZE,PIRLS,2011,National,reading,4
CZE,TIMSS,2011,National,math,4
CZE,TIMSS,2011,National,science,4
CZE,PISA,2012,National,math,8
CZE,PISA,2012,National,reading,8
CZE,PISA,2012,National,science,8
CZE,PISA,2015,National,math,8
CZE,PISA,2015,National,reading,8
CZE,PISA,2015,National,science,8
CZE,TIMSS,2015,National,math,4
CZE,TIMSS,2015,National,science,4
CZE,PIRLS,2016,National,reading,4
CZE,PISA,2018,National,math,8
CZE,PISA,2018,National,reading,8
CZE,PISA,2018,National,science,8
DEU,PISA,2000,National,math,8
DEU,PISA,2000,National,reading,8
DEU,PISA,2000,National,science,8
DEU,PIRLS,2001,National,reading,4
DEU,PISA,2003,National,math,8
DEU,PISA,2003,National,reading,8
DEU,PISA,2003,National,science,8
DEU,PIRLS,2006,National,reading,4
DEU,PISA,2006,National,math,8
DEU,PISA,2006,National,reading,8
DEU,PISA,2006,National,science,8
DEU,TIMSS,2007,National,math,4
DEU,TIMSS,2007,National,science,4
DEU,PISA,2009,National,math,8
DEU,PISA,2009,National,reading,8
DEU,PISA,2009,National,science,8
DEU,PIRLS,2011,National,reading,4
DEU,TIMSS,2011,National,math,4
DEU,TIMSS,2011,National,science,4
DEU,PISA,2012,National,math,8
DEU,PISA,2012,National,reading,8
DEU,PISA,2012,National,science,8
DEU,PISA,2015,National,math,8
DEU,PISA,2015,National,reading,8
DEU,PISA,2015,National,science,8
DEU,TIMSS,2015,National,math,4
DEU,TIMSS,2015,National,science,4
DEU,PIRLS,2016,National,reading,4
DEU,PISA,2018,National,math,8
DEU,PISA,2018,National,reading,8
DEU,PISA,2018,National,science,8
DMA,EGRA,2016,National,reading,2-4
DMA,EGRA,2018,National,reading,2-4
DNK,PISA,2000,National,math,8
DNK,PISA,2000,National,reading,8
DNK,PISA,2000,National,science,8
DNK,PISA,2003,National,math,8
DNK,PISA,2003,National,reading,8
DNK,PISA,2003,National,science,8
DNK,PIRLS,2006,National,reading,4
DNK,PISA,2006,National,math,8
DNK,PISA,2006,National,reading,8
DNK,PISA,2006,National,science,8
DNK,TIMSS,2007,National,math,4
DNK,TIMSS,2007,National,science,4
DNK,PISA,2009,National,math,8
DNK,PISA,2009,National,reading,8
DNK,PISA,2009,National,science,8
DNK,PIRLS,2011,National,reading,4
DNK,TIMSS,2011,National,math,4
DNK,TIMSS,2011,National,science,4
DNK,PISA,2012,National,math,8
DNK,PISA,2012,National,reading,8
DNK,PISA,2012,National,science,8
DNK,PISA,2015,National,math,8
DNK,PISA,2015,National,reading,8
DNK,PISA,2015,National,science,8
DNK,TIMSS,2015,National,math,4
DNK,TIMSS,2015,National,science,4
DNK,PIRLS,2016,National,reading,4
DNK,PISA,2018,National,math,8
DNK,PISA,2018,National,reading,8
DNK,PISA,2018,National,science,8
DOM,LLECE,2006,National,math,3
DOM,LLECE,2006,National,math,6
DOM,LLECE,2006,National,reading,3
DOM,LLECE,2006,National,reading,6
DOM,LLECE,2006,National,science,6
DOM,LLECE,2013,National,math,3
DOM,LLECE,2013,National,math,6
DOM,LLECE,2013,National,reading,3
DOM,LLECE,2013,National,reading,6
DOM,LLECE,2013,National,science,6
DOM,PISA,2015,National,math,8
DOM,PISA,2015,National,reading,8
DOM,PISA,2015,National,science,8
DOM,PISA,2018,National,math,8
DOM,PISA,2018,National,reading,8
DOM,PISA,2018,National,science,8
DZA,TIMSS,2007,National,math,4
DZA,TIMSS,2007,National,math,8
DZA,TIMSS,2007,National,science,4
DZA,TIMSS,2007,National,science,8
DZA,PISA,2015,National,math,8
DZA,PISA,2015,National,reading,8
DZA,PISA,2015,National,science,8
ECU,LLECE,2006,National,math,3
ECU,LLECE,2006,National,math,6
ECU,LLECE,2006,National,reading,3
ECU,LLECE,2006,National,reading,6
ECU,LLECE,2013,National,math,3
ECU,LLECE,2013,National,math,6
ECU,LLECE,2013,National,reading,3
ECU,LLECE,2013,National,reading,6
ECU,LLECE,2013,National,science,6
ECU,PISA,2017,National,math,8
ECU,PISA,2017,National,reading,8
ECU,PISA,2017,National,science,8
EGY,TIMSS,2003,National,math,8
EGY,TIMSS,2003,National,science,8
EGY,TIMSS,2007,National,math,8
EGY,TIMSS,2007,National,science,8
EGY,EGRA,2013,National,reading,2-4
EGY,TIMSS,2015,National,math,8
EGY,TIMSS,2015,National,science,8
EGY,PIRLS,2016,National,reading,4
ENG,PIRLS,2001,National,reading,5
ENG,TIMSS,2003,National,math,4
ENG,TIMSS,2003,National,math,8
ENG,TIMSS,2003,National,science,4
ENG,TIMSS,2003,National,science,8
ENG,PIRLS,2006,National,reading,4
ENG,TIMSS,2007,National,math,4
ENG,TIMSS,2007,National,math,8
ENG,TIMSS,2007,National,science,4
ENG,TIMSS,2007,National,science,8
ENG,PIRLS,2011,National,reading,5
ENG,TIMSS,2011,National,math,5
ENG,TIMSS,2011,National,math,9
ENG,TIMSS,2011,National,science,5
ENG,TIMSS,2011,National,science,9
ENG,TIMSS,2015,National,math,4
ENG,TIMSS,2015,National,math,8
ENG,TIMSS,2015,National,science,4
ENG,TIMSS,2015,National,science,8
ENG,PIRLS,2016,National,reading,4
ERI,MLA,2000,National,math,4
ERI,MLA,2000,National,reading,4
ESP,PISA,2000,National,math,8
ESP,PISA,2000,National,reading,8
ESP,PISA,2000,National,science,8
ESP,PISA,2003,National,math,8
ESP,PISA,2003,National,reading,8
ESP,PISA,2003,National,science,8
ESP,PIRLS,2006,National,reading,4
ESP,PISA,2006,National,math,8
ESP,PISA,2006,National,reading,8
ESP,PISA,2006,National,science,8
ESP,PISA,2009,National,math,8
ESP,PISA,2009,National,reading,8
ESP,PISA,2009,National,science,8
ESP,PIRLS,2011,National,reading,4
ESP,TIMSS,2011,National,math,4
ESP,TIMSS,2011,National,science,4
ESP,PISA,2012,National,math,8
ESP,PISA,2012,National,reading,8
ESP,PISA,2012,National,science,8
ESP,PISA,2015,National,math,8
ESP,PISA,2015,National,reading,8
ESP,PISA,2015,National,science,8
ESP,TIMSS,2015,National,math,4
ESP,TIMSS,2015,National,science,4
ESP,PIRLS,2016,National,reading,4
ESP,PISA,2018,National,math,8
ESP,PISA,2018,National,science,8
EST,TIMSS,2003,National,math,8
EST,TIMSS,2003,National,science,8
EST,PISA,2006,National,math,8
EST,PISA,2006,National,reading,8
EST,PISA,2006,National,science,8
EST,PISA,2009,National,math,8
EST,PISA,2009,National,reading,8
EST,PISA,2009,National,science,8
EST,PISA,2012,National,math,8
EST,PISA,2012,National,reading,8
EST,PISA,2012,National,science,8
EST,PISA,2015,National,math,8
EST,PISA,2015,National,reading,8
EST,PISA,2015,National,science,8
EST,PISA,2018,National,math,8
EST,PISA,2018,National,reading,8
EST,PISA,2018,National,science,8
ETH,EGRA,2010,Non National,reading,2-4
ETH,EGRA,2018,Non National,reading,2-4
FIN,PISA,2000,National,math,8
FIN,PISA,2000,National,reading,8
FIN,PISA,2000,National,science,8
FIN,PISA,2003,National,math,8
FIN,PISA,2003,National,reading,8
FIN,PISA,2003,National,science,8
FIN,PISA,2006,National,math,8
FIN,PISA,2006,National,reading,8
FIN,PISA,2006,National,science,8
FIN,PISA,2009,National,math,8
FIN,PISA,2009,National,reading,8
FIN,PISA,2009,National,science,8
FIN,PIRLS,2011,National,reading,4
FIN,TIMSS,2011,National,math,4
FIN,TIMSS,2011,National,math,8
FIN,TIMSS,2011,National,science,4
FIN,TIMSS,2011,National,science,8
FIN,PISA,2012,National,math,8
FIN,PISA,2012,National,reading,8
FIN,PISA,2012,National,science,8
FIN,PISA,2015,National,math,8
FIN,PISA,2015,National,reading,8
FIN,PISA,2015,National,science,8
FIN,TIMSS,2015,National,math,4
FIN,TIMSS,2015,National,science,4
FIN,PIRLS,2016,National,reading,4
FIN,PISA,2018,National,math,8
FIN,PISA,2018,National,reading,8
FIN,PISA,2018,National,science,8
FJI,PILNA,2018,National,reading,4
FRA,PISA,2000,National,math,8
FRA,PISA,2000,National,reading,8
FRA,PISA,2000,National,science,8
FRA,PIRLS,2001,National,reading,4
FRA,PISA,2003,National,math,8
FRA,PISA,2003,National,reading,8
FRA,PISA,2003,National,science,8
FRA,PIRLS,2006,National,reading,4
FRA,PISA,2006,National,math,8
FRA,PISA,2006,National,reading,8
FRA,PISA,2006,National,science,8
FRA,PISA,2009,National,math,8
FRA,PISA,2009,National,reading,8
FRA,PISA,2009,National,science,8
FRA,PIRLS,2011,National,reading,4
FRA,PISA,2012,National,math,8
FRA,PISA,2012,National,reading,8
FRA,PISA,2012,National,science,8
FRA,PISA,2015,National,math,8
FRA,PISA,2015,National,reading,8
FRA,PISA,2015,National,science,8
FRA,TIMSS,2015,National,math,4
FRA,TIMSS,2015,National,science,4
FRA,PIRLS,2016,National,reading,4
FRA,PISA,2018,National,math,8
FRA,PISA,2018,National,reading,8
FRA,PISA,2018,National,science,8
FSM,PILNA,2015,National,reading,4
FSM,PILNA,2018,National,reading,4
GAB,PASEC,2006,National,math,5
GAB,PASEC,2006,National,reading,5
GBR,PISA,2000,National,math,8
GBR,PISA,2000,National,reading,8
GBR,PISA,2000,National,science,8
GBR,PISA,2003,National,math,8
GBR,PISA,2003,National,reading,8
GBR,PISA,2003,National,science,8
GBR,PISA,2006,National,math,8
GBR,PISA,2006,National,reading,8
GBR,PISA,2006,National,science,8
GBR,PISA,2009,National,math,8
GBR,PISA,2009,National,reading,8
GBR,PISA,2009,National,science,8
GBR,PISA,2012,National,math,8
GBR,PISA,2012,National,reading,8
GBR,PISA,2012,National,science,8
GBR,PISA,2015,National,math,8
GBR,PISA,2015,National,reading,8
GBR,PISA,2015,National,science,8
GBR,PISA,2018,National,math,8
GBR,PISA,2018,National,reading,8
GBR,PISA,2018,National,science,8
GEO,PIRLS,2006,National,reading,4
GEO,TIMSS,2007,National,math,4
GEO,TIMSS,2007,National,math,8
GEO,TIMSS,2007,National,science,4
GEO,TIMSS,2007,National,science,8
GEO,PISA,2009,National,math,8
GEO,PISA,2009,National,reading,8
GEO,PISA,2009,National,science,8
GEO,PIRLS,2011,National,reading,4
GEO,TIMSS,2011,National,math,4
GEO,TIMSS,2011,National,math,8
GEO,TIMSS,2011,National,science,4
GEO,TIMSS,2011,National,science,8
GEO,PISA,2015,National,math,8
GEO,PISA,2015,National,reading,8
GEO,PISA,2015,National,science,8
GEO,TIMSS,2015,National,math,4
GEO,TIMSS,2015,National,math,8
GEO,TIMSS,2015,National,science,4
GEO,TIMSS,2015,National,science,8
GEO,PIRLS,2016,National,reading,4
GEO,PISA,2018,National,math,8
GEO,PISA,2018,National,reading,8
GEO,PISA,2018,National,science,8
GHA,TIMSS,2003,National,math,8
GHA,TIMSS,2003,National,science,8
GHA,TIMSS,2007,National,math,8
GHA,TIMSS,2007,National,science,8
GHA,TIMSS,2011,National,math,8
GHA,TIMSS,2011,National,science,8
GHA,EGRA,2013,National,reading,2-4
GIN,PASEC,2006,National,math,5
GIN,PASEC,2006,National,reading,5
GMB,MLA,2000,National,math,4
GMB,MLA,2000,National,reading,4
GMB,EGRA,2007,National,reading,2-4
GMB,EGRA,2009,National,reading,2-4
GMB,EGRA,2011,National,reading,2-4
GMB,EGRA,2013,National,reading,2-4
GMB,EGRA,2016,National,reading,2-4
GRC,PISA,2000,National,math,8
GRC,PISA,2000,National,reading,8
GRC,PISA,2000,National,science,8
GRC,PIRLS,2001,National,reading,4
GRC,PISA,2003,National,math,8
GRC,PISA,2003,National,reading,8
GRC,PISA,2003,National,science,8
GRC,PISA,2006,National,math,8
GRC,PISA,2006,National,reading,8
GRC,PISA,2006,National,science,8
GRC,PISA,2009,National,math,8
GRC,PISA,2009,National,reading,8
GRC,PISA,2009,National,science,8
GRC,PISA,2012,National,math,8
GRC,PISA,2012,National,reading,8
GRC,PISA,2012,National,science,8
GRC,PISA,2015,National,math,8
GRC,PISA,2015,National,reading,8
GRC,PISA,2015,National,science,8
GRC,PISA,2018,National,math,8
GRC,PISA,2018,National,reading,8
GRC,PISA,2018,National,science,8
GRD,EGRA,2016,National,reading,2-4
GRD,EGRA,2018,National,reading,2-4
GTM,LLECE,2006,National,math,3
GTM,LLECE,2006,National,math,6
GTM,LLECE,2006,National,reading,3
GTM,LLECE,2006,National,reading,6
GTM,LLECE,2013,National,math,3
GTM,LLECE,2013,National,math,6
GTM,LLECE,2013,National,reading,3
GTM,LLECE,2013,National,reading,6
GTM,LLECE,2013,National,science,6
GTM,PISA,2017,National,math,8
GTM,PISA,2017,National,reading,8
GTM,PISA,2017,National,science,8
GUY,EGRA,2008,National,reading,2-4
HKG,PISA,2000,National,math,8
HKG,PISA,2000,National,reading,8
HKG,PISA,2000,National,science,8
HKG,PIRLS,2001,National,reading,4
HKG,PISA,2003,National,math,8
HKG,PISA,2003,National,reading,8
HKG,PISA,2003,National,science,8
HKG,TIMSS,2003,National,math,4
HKG,TIMSS,2003,National,math,8
HKG,TIMSS,2003,National,science,4
HKG,TIMSS,2003,National,science,8
HKG,PIRLS,2006,National,reading,4
HKG,PISA,2006,National,math,8
HKG,PISA,2006,National,reading,8
HKG,PISA,2006,National,science,8
HKG,TIMSS,2007,National,math,4
HKG,TIMSS,2007,National,math,8
HKG,TIMSS,2007,National,science,4
HKG,TIMSS,2007,National,science,8
HKG,PISA,2009,National,math,8
HKG,PISA,2009,National,reading,8
HKG,PISA,2009,National,science,8
HKG,PIRLS,2011,National,reading,4
HKG,TIMSS,2011,National,math,4
HKG,TIMSS,2011,National,math,8
HKG,TIMSS,2011,National,science,4
HKG,TIMSS,2011,National,science,8
HKG,PISA,2012,National,math,8
HKG,PISA,2012,National,reading,8
HKG,PISA,2012,National,science,8
HKG,PISA,2015,National,math,8
HKG,PISA,2015,National,reading,8
HKG,PISA,2015,National,science,8
HKG,TIMSS,2015,National,math,4
HKG,TIMSS,2015,National,math,8
HKG,TIMSS,2015,National,science,4
HKG,TIMSS,2015,National,science,8
HKG,PIRLS,2016,National,reading,4
HKG,PISA,2018,National,math,8
HKG,PISA,2018,National,reading,8
HKG,PISA,2018,National,science,8
HND,EGRA,2008,National,reading,2-4
HND,PIRLS,2011,National,reading,6
HND,TIMSS,2011,National,math,6
HND,TIMSS,2011,National,math,9
HND,TIMSS,2011,National,science,6
HND,TIMSS,2011,National,science,9
HND,LLECE,2013,National,math,3
HND,LLECE,2013,National,math,6
HND,LLECE,2013,National,reading,3
HND,LLECE,2013,National,reading,6
HND,LLECE,2013,National,science,6
HND,PISA,2017,National,math,8
HND,PISA,2017,National,reading,8
HND,PISA,2017,National,science,8
HRV,MLA,2000,National,math,4
HRV,MLA,2000,National,reading,4
HRV,PISA,2006,National,math,8
HRV,PISA,2006,National,reading,8
HRV,PISA,2006,National,science,8
HRV,PISA,2009,National,math,8
HRV,PISA,2009,National,reading,8
HRV,PISA,2009,National,science,8
HRV,PIRLS,2011,National,reading,4
HRV,TIMSS,2011,National,math,4
HRV,TIMSS,2011,National,science,4
HRV,PISA,2012,National,math,8
HRV,PISA,2012,National,reading,8
HRV,PISA,2012,National,science,8
HRV,PISA,2015,National,math,8
HRV,PISA,2015,National,reading,8
HRV,PISA,2015,National,science,8
HRV,TIMSS,2015,National,math,4
HRV,TIMSS,2015,National,science,4
HRV,PISA,2018,National,math,8
HRV,PISA,2018,National,reading,8
HRV,PISA,2018,National,science,8
HTI,EGRA,2012,Non National,reading,2-4
HTI,EGRA,2013,Non National,reading,2-4
HTI,EGRA,2015,Non National,reading,2-4
HTI,EGRA,2016,National,reading,2-4
HUN,PISA,2000,National,math,8
HUN,PISA,2000,National,reading,8
HUN,PISA,2000,National,science,8
HUN,PIRLS,2001,National,reading,4
HUN,PISA,2003,National,math,8
HUN,PISA,2003,National,reading,8
HUN,PISA,2003,National,science,8
HUN,TIMSS,2003,National,math,4
HUN,TIMSS,2003,National,math,8
HUN,TIMSS,2003,National,science,4
HUN,TIMSS,2003,National,science,8
HUN,PIRLS,2006,National,reading,4
HUN,PISA,2006,National,math,8
HUN,PISA,2006,National,reading,8
HUN,PISA,2006,National,science,8
HUN,TIMSS,2007,National,math,4
HUN,TIMSS,2007,National,math,8
HUN,TIMSS,2007,National,science,4
HUN,TIMSS,2007,National,science,8
HUN,PISA,2009,National,math,8
HUN,PISA,2009,National,reading,8
HUN,PISA,2009,National,science,8
HUN,PIRLS,2011,National,reading,4
HUN,TIMSS,2011,National,math,4
HUN,TIMSS,2011,National,math,8
HUN,TIMSS,2011,National,science,4
HUN,TIMSS,2011,National,science,8
HUN,PISA,2012,National,math,8
HUN,PISA,2012,National,reading,8
HUN,PISA,2012,National,science,8
HUN,PISA,2015,National,math,8
HUN,PISA,2015,National,reading,8
HUN,PISA,2015,National,science,8
HUN,TIMSS,2015,National,math,4
HUN,TIMSS,2015,National,math,8
HUN,TIMSS,2015,National,science,4
HUN,TIMSS,2015,National,science,8
HUN,PIRLS,2016,National,reading,4
HUN,PISA,2018,National,math,8
HUN,PISA,2018,National,reading,8
HUN,PISA,2018,National,science,8
IDN,PISA,2000,National,math,8
IDN,PISA,2000,National,reading,8
IDN,PISA,2000,National,science,8
IDN,PISA,2003,National,math,8
IDN,PISA,2003,National,reading,8
IDN,PISA,2003,National,science,8
IDN,TIMSS,2003,National,math,8
IDN,TIMSS,2003,National,science,8
IDN,PIRLS,2006,National,reading,4
IDN,PISA,2006,National,math,8
IDN,PISA,2006,National,reading,8
IDN,PISA,2006,National,science,8
IDN,TIMSS,2007,National,math,8
IDN,TIMSS,2007,National,science,8
IDN,PISA,2009,National,math,8
IDN,PISA,2009,National,reading,8
IDN,PISA,2009,National,science,8
IDN,PIRLS,2011,National,reading,4
IDN,TIMSS,2011,National,math,8
IDN,TIMSS,2011,National,science,8
IDN,PISA,2012,National,math,8
IDN,PISA,2012,National,reading,8
IDN,PISA,2012,National,science,8
IDN,EGRA,2014,National,reading,2-4
IDN,PISA,2015,National,math,8
IDN,PISA,2015,National,reading,8
IDN,PISA,2015,National,science,8
IDN,TIMSS,2015,National,math,4
IDN,TIMSS,2015,National,science,4
IDN,PISA,2018,National,math,8
IDN,PISA,2018,National,reading,8
IDN,PISA,2018,National,science,8
IND,PISA,2009,National,math,8
IND,PISA,2009,National,reading,8
IND,PISA,2009,National,science,8
IRL,PISA,2000,National,math,8
IRL,PISA,2000,National,reading,8
IRL,PISA,2000,National,science,8
IRL,PISA,2003,National,math,8
IRL,PISA,2003,National,reading,8
IRL,PISA,2003,National,science,8
IRL,PISA,2006,National,math,8
IRL,PISA,2006,National,reading,8
IRL,PISA,2006,National,science,8
IRL,PISA,2009,National,math,8
IRL,PISA,2009,National,reading,8
IRL,PISA,2009,National,science,8
IRL,PIRLS,2011,National,reading,4
IRL,TIMSS,2011,National,math,4
IRL,TIMSS,2011,National,science,4
IRL,PISA,2012,National,math,8
IRL,PISA,2012,National,reading,8
IRL,PISA,2012,National,science,8
IRL,PISA,2015,National,math,8
IRL,PISA,2015,National,reading,8
IRL,PISA,2015,National,science,8
IRL,TIMSS,2015,National,math,4
IRL,TIMSS,2015,National,math,8
IRL,TIMSS,2015,National,science,4
IRL,TIMSS,2015,National,science,8
IRL,PIRLS,2016,National,reading,4
IRL,PISA,2018,National,math,8
IRL,PISA,2018,National,reading,8
IRL,PISA,2018,National,science,8
IRN,PIRLS,2001,National,reading,4
IRN,TIMSS,2003,National,math,4
IRN,TIMSS,2003,National,math,8
IRN,TIMSS,2003,National,science,4
IRN,TIMSS,2003,National,science,8
IRN,PIRLS,2006,National,reading,4
IRN,TIMSS,2007,National,math,4
IRN,TIMSS,2007,National,math,8
IRN,TIMSS,2007,National,science,4
IRN,TIMSS,2007,National,science,8
IRN,PIRLS,2011,National,reading,4
IRN,TIMSS,2011,National,math,4
IRN,TIMSS,2011,National,math,8
IRN,TIMSS,2011,National,science,4
IRN,TIMSS,2011,National,science,8
IRN,TIMSS,2015,National,math,4
IRN,TIMSS,2015,National,math,8
IRN,TIMSS,2015,National,science,4
IRN,TIMSS,2015,National,science,8
IRN,PIRLS,2016,National,reading,4
IRQ,EGRA,2012,Non National,reading,2-4
ISL,PISA,2000,National,math,8
ISL,PISA,2000,National,reading,8
ISL,PISA,2000,National,science,8
ISL,PIRLS,2001,National,reading,4
ISL,PISA,2003,National,math,8
ISL,PISA,2003,National,reading,8
ISL,PISA,2003,National,science,8
ISL,PIRLS,2006,National,reading,4
ISL,PISA,2006,National,math,8
ISL,PISA,2006,National,reading,8
ISL,PISA,2006,National,science,8
ISL,PISA,2009,National,math,8
ISL,PISA,2009,National,reading,8
ISL,PISA,2009,National,science,8
ISL,PISA,2012,National,math,8
ISL,PISA,2012,National,reading,8
ISL,PISA,2012,National,science,8
ISL,PISA,2015,National,math,8
ISL,PISA,2015,National,reading,8
ISL,PISA,2015,National,science,8
ISL,PISA,2018,National,math,8
ISL,PISA,2018,National,reading,8
ISL,PISA,2018,National,science,8
ISR,PISA,2000,National,math,8
ISR,PISA,2000,National,reading,8
ISR,PISA,2000,National,science,8
ISR,PIRLS,2001,National,reading,4
ISR,TIMSS,2003,National,math,8
ISR,TIMSS,2003,National,science,8
ISR,PIRLS,2006,National,reading,4
ISR,PISA,2006,National,math,8
ISR,PISA,2006,National,reading,8
ISR,PISA,2006,National,science,8
ISR,TIMSS,2007,National,math,8
ISR,TIMSS,2007,National,science,8
ISR,PISA,2009,National,math,8
ISR,PISA,2009,National,reading,8
ISR,PISA,2009,National,science,8
ISR,PIRLS,2011,National,reading,4
ISR,TIMSS,2011,National,math,8
ISR,TIMSS,2011,National,science,8
ISR,PISA,2012,National,math,8
ISR,PISA,2012,National,reading,8
ISR,PISA,2012,National,science,8
ISR,PISA,2015,National,math,8
ISR,PISA,2015,National,reading,8
ISR,PISA,2015,National,science,8
ISR,TIMSS,2015,National,math,8
ISR,TIMSS,2015,National,science,8
ISR,PIRLS,2016,National,reading,4
ISR,PISA,2018,National,math,8
ISR,PISA,2018,National,reading,8
ISR,PISA,2018,National,science,8
ITA,PISA,2000,National,math,8
ITA,PISA,2000,National,reading,8
ITA,PISA,2000,National,science,8
ITA,PIRLS,2001,National,reading,4
ITA,PISA,2003,National,math,8
ITA,PISA,2003,National,reading,8
ITA,PISA,2003,National,science,8
ITA,TIMSS,2003,National,math,4
ITA,TIMSS,2003,National,math,8
ITA,TIMSS,2003,National,science,4
ITA,TIMSS,2003,National,science,8
ITA,PIRLS,2006,National,reading,4
ITA,PISA,2006,National,math,8
ITA,PISA,2006,National,reading,8
ITA,PISA,2006,National,science,8
ITA,TIMSS,2007,National,math,4
ITA,TIMSS,2007,National,math,8
ITA,TIMSS,2007,National,science,4
ITA,TIMSS,2007,National,science,8
ITA,PISA,2009,National,math,8
ITA,PISA,2009,National,reading,8
ITA,PISA,2009,National,science,8
ITA,PIRLS,2011,National,reading,4
ITA,TIMSS,2011,National,math,4
ITA,TIMSS,2011,National,math,8
ITA,TIMSS,2011,National,science,4
ITA,TIMSS,2011,National,science,8
ITA,PISA,2012,National,math,8
ITA,PISA,2012,National,reading,8
ITA,PISA,2012,National,science,8
ITA,PISA,2015,National,math,8
ITA,PISA,2015,National,reading,8
ITA,PISA,2015,National,science,8
ITA,TIMSS,2015,National,math,4
ITA,TIMSS,2015,National,math,8
ITA,TIMSS,2015,National,science,4
ITA,TIMSS,2015,National,science,8
ITA,PIRLS,2016,National,reading,4
ITA,PISA,2018,National,math,8
ITA,PISA,2018,National,reading,8
ITA,PISA,2018,National,science,8
JAM,EGRA,2014,Non National,reading,2-4
JOR,MLA,2000,National,math,4
JOR,MLA,2000,National,reading,4
JOR,TIMSS,2003,National,math,8
JOR,TIMSS,2003,National,science,8
JOR,PISA,2006,National,math,8
JOR,PISA,2006,National,reading,8
JOR,PISA,2006,National,science,8
JOR,TIMSS,2007,National,math,8
JOR,TIMSS,2007,National,science,8
JOR,PISA,2009,National,math,8
JOR,PISA,2009,National,reading,8
JOR,PISA,2009,National,science,8
JOR,TIMSS,2011,National,math,8
JOR,TIMSS,2011,National,science,8
JOR,EGRA,2012,National,reading,2-4
JOR,PISA,2012,National,math,8
JOR,PISA,2012,National,reading,8
JOR,PISA,2012,National,science,8
JOR,EGRA,2014,National,reading,2-4
JOR,PISA,2015,National,math,8
JOR,PISA,2015,National,reading,8
JOR,PISA,2015,National,science,8
JOR,TIMSS,2015,National,math,4
JOR,TIMSS,2015,National,math,8
JOR,TIMSS,2015,National,science,8
JOR,PISA,2018,National,math,8
JOR,PISA,2018,National,reading,8
JOR,PISA,2018,National,science,8
JPN,PISA,2000,National,math,8
JPN,PISA,2000,National,reading,8
JPN,PISA,2000,National,science,8
JPN,PISA,2003,National,math,8
JPN,PISA,2003,National,reading,8
JPN,PISA,2003,National,science,8
JPN,TIMSS,2003,National,math,4
JPN,TIMSS,2003,National,math,8
JPN,TIMSS,2003,National,science,4
JPN,TIMSS,2003,National,science,8
JPN,PISA,2006,National,math,8
JPN,PISA,2006,National,reading,8
JPN,PISA,2006,National,science,8
JPN,TIMSS,2007,National,math,4
JPN,TIMSS,2007,National,math,8
JPN,TIMSS,2007,National,science,4
JPN,TIMSS,2007,National,science,8
JPN,PISA,2009,National,math,8
JPN,PISA,2009,National,reading,8
JPN,PISA,2009,National,science,8
JPN,TIMSS,2011,National,math,4
JPN,TIMSS,2011,National,math,8
JPN,TIMSS,2011,National,science,4
JPN,TIMSS,2011,National,science,8
JPN,PISA,2012,National,math,8
JPN,PISA,2012,National,reading,8
JPN,PISA,2012,National,science,8
JPN,PISA,2015,National,math,8
JPN,PISA,2015,National,reading,8
JPN,PISA,2015,National,science,8
JPN,TIMSS,2015,National,math,4
JPN,TIMSS,2015,National,math,8
JPN,TIMSS,2015,National,science,4
JPN,TIMSS,2015,National,science,8
JPN,PISA,2018,National,math,8
JPN,PISA,2018,National,reading,8
JPN,PISA,2018,National,science,8
KAZ,MLA,2000,National,math,4
KAZ,MLA,2000,National,reading,4
KAZ,TIMSS,2007,National,math,4
KAZ,TIMSS,2007,National,science,4
KAZ,PISA,2009,National,math,8
KAZ,PISA,2009,National,reading,8
KAZ,PISA,2009,National,science,8
KAZ,TIMSS,2011,National,math,4
KAZ,TIMSS,2011,National,math,8
KAZ,TIMSS,2011,National,science,4
KAZ,TIMSS,2011,National,science,8
KAZ,PISA,2012,National,math,8
KAZ,PISA,2012,National,reading,8
KAZ,PISA,2012,National,science,8
KAZ,TIMSS,2015,National,math,4
KAZ,TIMSS,2015,National,math,8
KAZ,TIMSS,2015,National,science,4
KAZ,TIMSS,2015,National,science,8
KAZ,PIRLS,2016,National,reading,4
KAZ,PISA,2018,National,math,8
KAZ,PISA,2018,National,reading,8
KAZ,PISA,2018,National,science,8
KEN,SACMEQ,2000,National,math,6
KEN,SACMEQ,2000,National,reading,6
KEN,SACMEQ,2007,National,math,6
KEN,SACMEQ,2007,National,reading,6
KEN,EGRA,2012,Non National,reading,2-4
KEN,EGRA,2013,Non National,reading,2-4
KEN,SACMEQ,2013,National,math,6
KEN,SACMEQ,2013,National,reading,6
KGZ,PISA,2006,National,math,8
KGZ,PISA,2006,National,reading,8
KGZ,PISA,2006,National,science,8
KGZ,PISA,2009,National,math,8
KGZ,PISA,2009,National,reading,8
KGZ,PISA,2009,National,science,8
KGZ,EGRA,2017,National,reading,2-4
KHM,EGRA,2010,National,reading,2-4
KHM,EGRA,2012,National,reading,2-4
KHM,PISA,2017,National,math,8
KHM,PISA,2017,National,reading,8
KHM,PISA,2017,National,science,8
KIR,PILNA,2015,National,reading,4
KIR,EGRA,2016,National,reading,2-4
KIR,PILNA,2018,National,reading,4
KNA,EGRA,2016,National,reading,2-4
KNA,EGRA,2018,National,reading,2-4
KOR,PISA,2000,National,math,8
KOR,PISA,2000,National,reading,8
KOR,PISA,2000,National,science,8
KOR,PISA,2003,National,math,8
KOR,PISA,2003,National,reading,8
KOR,PISA,2003,National,science,8
KOR,TIMSS,2003,National,math,8
KOR,TIMSS,2003,National,science,8
KOR,PISA,2006,National,math,8
KOR,PISA,2006,National,reading,8
KOR,PISA,2006,National,science,8
KOR,TIMSS,2007,National,math,8
KOR,TIMSS,2007,National,science,8
KOR,PISA,2009,National,math,8
KOR,PISA,2009,National,reading,8
KOR,PISA,2009,National,science,8
KOR,TIMSS,2011,National,math,4
KOR,TIMSS,2011,National,math,8
KOR,TIMSS,2011,National,science,4
KOR,TIMSS,2011,National,science,8
KOR,PISA,2012,National,math,8
KOR,PISA,2012,National,reading,8
KOR,PISA,2012,National,science,8
KOR,PISA,2015,National,math,8
KOR,PISA,2015,National,reading,8
KOR,PISA,2015,National,science,8
KOR,TIMSS,2015,National,math,4
KOR,TIMSS,2015,National,math,8
KOR,TIMSS,2015,National,science,4
KOR,TIMSS,2015,National,science,8
KOR,PISA,2018,National,math,8
KOR,PISA,2018,National,reading,8
KOR,PISA,2018,National,science,8
KWT,PIRLS,2001,National,reading,4
KWT,PIRLS,2006,National,reading,4
KWT,TIMSS,2007,National,math,4
KWT,TIMSS,2007,National,math,8
KWT,TIMSS,2007,National,science,4
KWT,TIMSS,2007,National,science,8
KWT,PIRLS,2011,National,reading,6
KWT,TIMSS,2011,National,math,4
KWT,TIMSS,2011,National,science,4
KWT,TIMSS,2015,National,math,4
KWT,TIMSS,2015,National,math,8
KWT,TIMSS,2015,National,science,4
KWT,TIMSS,2015,National,science,8
KWT,PIRLS,2016,National,reading,4
LAO,EGRA,2012,Non National,reading,2-4
LBN,TIMSS,2003,National,math,8
LBN,TIMSS,2003,National,science,8
LBN,TIMSS,2007,National,math,8
LBN,TIMSS,2007,National,science,8
LBN,TIMSS,2011,National,math,8
LBN,TIMSS,2011,National,science,8
LBN,PISA,2015,National,math,8
LBN,PISA,2015,National,reading,8
LBN,PISA,2015,National,science,8
LBN,TIMSS,2015,National,math,8
LBN,TIMSS,2015,National,science,8
LBN,PISA,2018,National,math,8
LBN,PISA,2018,National,reading,8
LBN,PISA,2018,National,science,8
LBR,MLA,2000,National,math,4
LBR,MLA,2000,National,reading,4
LBR,EGRA,2011,Non National,reading,2-4
LBR,EGRA,2013,Non National,reading,2-4
LCA,EGRA,2016,National,reading,2-4
LCA,EGRA,2018,National,reading,2-4
LIE,PISA,2000,National,math,8
LIE,PISA,2000,National,reading,8
LIE,PISA,2000,National,science,8
LIE,PISA,2003,National,math,8
LIE,PISA,2003,National,reading,8
LIE,PISA,2003,National,science,8
LIE,PISA,2006,National,math,8
LIE,PISA,2006,National,reading,8
LIE,PISA,2006,National,science,8
LIE,PISA,2009,National,math,8
LIE,PISA,2009,National,reading,8
LIE,PISA,2009,National,science,8
LIE,PISA,2012,National,math,8
LIE,PISA,2012,National,reading,8
LIE,PISA,2012,National,science,8
LKA,MLA,2000,National,math,4
LKA,MLA,2000,National,reading,4
LKA,National Assessment,2009,National,math,4
LSO,SACMEQ,2000,National,math,6
LSO,SACMEQ,2000,National,reading,6
LSO,SACMEQ,2007,National,math,6
LSO,SACMEQ,2007,National,reading,6
LSO,SACMEQ,2013,National,math,6
LSO,SACMEQ,2013,National,reading,6
LTU,PIRLS,2001,National,reading,4
LTU,TIMSS,2003,National,math,4
LTU,TIMSS,2003,National,math,8
LTU,TIMSS,2003,National,science,4
LTU,TIMSS,2003,National,science,8
LTU,PIRLS,2006,National,reading,4
LTU,PISA,2006,National,math,8
LTU,PISA,2006,National,reading,8
LTU,PISA,2006,National,science,8
LTU,TIMSS,2007,National,math,4
LTU,TIMSS,2007,National,math,8
LTU,TIMSS,2007,National,science,4
LTU,TIMSS,2007,National,science,8
LTU,PISA,2009,National,math,8
LTU,PISA,2009,National,reading,8
LTU,PISA,2009,National,science,8
LTU,PIRLS,2011,National,reading,4
LTU,TIMSS,2011,National,math,4
LTU,TIMSS,2011,National,math,8
LTU,TIMSS,2011,National,science,4
LTU,TIMSS,2011,National,science,8
LTU,PISA,2012,National,math,8
LTU,PISA,2012,National,reading,8
LTU,PISA,2012,National,science,8
LTU,PISA,2015,National,math,8
LTU,PISA,2015,National,reading,8
LTU,PISA,2015,National,science,8
LTU,TIMSS,2015,National,math,4
LTU,TIMSS,2015,National,math,8
LTU,TIMSS,2015,National,science,4
LTU,TIMSS,2015,National,science,8
LTU,PIRLS,2016,National,reading,4
LTU,PISA,2018,National,math,8
LTU,PISA,2018,National,reading,8
LTU,PISA,2018,National,science,8
LUX,PISA,2000,National,math,8
LUX,PISA,2000,National,reading,8
LUX,PISA,2000,National,science,8
LUX,PISA,2003,National,math,8
LUX,PISA,2003,National,reading,8
LUX,PISA,2003,National,science,8
LUX,PIRLS,2006,National,reading,5
LUX,PISA,2006,National,math,8
LUX,PISA,2006,National,reading,8
LUX,PISA,2006,National,science,8
LUX,PISA,2009,National,math,8
LUX,PISA,2009,National,reading,8
LUX,PISA,2009,National,science,8
LUX,PISA,2012,National,math,8
LUX,PISA,2012,National,reading,8
LUX,PISA,2012,National,science,8
LUX,PISA,2015,National,math,8
LUX,PISA,2015,National,reading,8
LUX,PISA,2015,National,science,8
LUX,PISA,2018,National,math,8
LUX,PISA,2018,National,reading,8
LUX,PISA,2018,National,science,8
LVA,PISA,2000,National,math,8
LVA,PISA,2000,National,reading,8
LVA,PISA,2000,National,science,8
LVA,PIRLS,2001,National,reading,4
LVA,PISA,2003,National,math,8
LVA,PISA,2003,National,reading,8
LVA,PISA,2003,National,science,8
LVA,TIMSS,2003,National,math,4
LVA,TIMSS,2003,National,math,8
LVA,TIMSS,2003,National,science,4
LVA,TIMSS,2003,National,science,8
LVA,PIRLS,2006,National,reading,4
LVA,PISA,2006,National,math,8
LVA,PISA,2006,National,reading,8
LVA,PISA,2006,National,science,8
LVA,TIMSS,2007,National,math,4
LVA,TIMSS,2007,National,science,4
LVA,PISA,2009,National,math,8
LVA,PISA,2009,National,reading,8
LVA,PISA,2009,National,science,8
LVA,PISA,2012,National,math,8
LVA,PISA,2012,National,reading,8
LVA,PISA,2012,National,science,8
LVA,PISA,2015,National,math,8
LVA,PISA,2015,National,reading,8
LVA,PISA,2015,National,science,8
LVA,PIRLS,2016,National,reading,4
LVA,PISA,2018,National,math,8
LVA,PISA,2018,National,reading,8
LVA,PISA,2018,National,science,8
MAC,PISA,2003,National,math,8
MAC,PISA,2003,National,reading,8
MAC,PISA,2003,National,science,8
MAC,PISA,2006,National,math,8
MAC,PISA,2006,National,reading,8
MAC,PISA,2006,National,science,8
MAC,PISA,2009,National,math,8
MAC,PISA,2009,National,reading,8
MAC,PISA,2009,National,science,8
MAC,PISA,2012,National,math,8
MAC,PISA,2012,National,reading,8
MAC,PISA,2012,National,science,8
MAC,PISA,2015,National,math,8
MAC,PISA,2015,National,reading,8
MAC,PISA,2015,National,science,8
MAC,PIRLS,2016,National,reading,4
MAC,PISA,2018,National,math,8
MAC,PISA,2018,National,reading,8
MAC,PISA,2018,National,science,8
MAR,MLA,2000,National,math,4
MAR,MLA,2000,National,reading,4
MAR,PIRLS,2001,National,reading,4
MAR,TIMSS,2003,National,math,4
MAR,TIMSS,2003,National,math,8
MAR,TIMSS,2003,National,science,4
MAR,TIMSS,2003,National,science,8
MAR,PIRLS,2006,National,reading,4
MAR,TIMSS,2007,National,math,4
MAR,TIMSS,2007,National,math,8
MAR,TIMSS,2007,National,science,4
MAR,TIMSS,2007,National,science,8
MAR,EGRA,2011,Non National,reading,2-4
MAR,PIRLS,2011,National,reading,4
MAR,TIMSS,2011,National,math,4
MAR,TIMSS,2011,National,math,8
MAR,TIMSS,2011,National,science,4
MAR,TIMSS,2011,National,science,8
MAR,TIMSS,2015,National,math,4
MAR,TIMSS,2015,National,math,8
MAR,TIMSS,2015,National,science,4
MAR,TIMSS,2015,National,science,8
MAR,PIRLS,2016,National,reading,4
MAR,PISA,2018,National,math,8
MAR,PISA,2018,National,reading,8
MAR,PISA,2018,National,science,8
MDA,PIRLS,2001,National,reading,4
MDA,TIMSS,2003,National,math,4
MDA,TIMSS,2003,National,math,8
MDA,TIMSS,2003,National,science,4
MDA,TIMSS,2003,National,science,8
MDA,PIRLS,2006,National,reading,4
MDA,PISA,2009,National,math,8
MDA,PISA,2009,National,reading,8
MDA,PISA,2009,National,science,8
MDA,PISA,2015,National,math,8
MDA,PISA,2015,National,reading,8
MDA,PISA,2015,National,science,8
MDA,PISA,2018,National,math,8
MDA,PISA,2018,National,reading,8
MDA,PISA,2018,National,science,8
MDG,MLA,2000,National,math,4
MDG,MLA,2000,National,reading,4
MDG,PASEC,2006,National,math,5
MDG,PASEC,2006,National,reading,5
MDG,PASEC_2014,2015,National,math,5
MDG,PASEC_2014,2015,National,reading,5
MEX,PISA,2000,National,math,8
MEX,PISA,2000,National,reading,8
MEX,PISA,2000,National,science,8
MEX,PISA,2003,National,math,8
MEX,PISA,2003,National,reading,8
MEX,PISA,2003,National,science,8
MEX,LLECE,2006,National,math,3
MEX,LLECE,2006,National,math,6
MEX,LLECE,2006,National,reading,3
MEX,LLECE,2006,National,reading,6
MEX,PISA,2006,National,math,8
MEX,PISA,2006,National,reading,8
MEX,PISA,2006,National,science,8
MEX,PISA,2009,National,math,8
MEX,PISA,2009,National,reading,8
MEX,PISA,2009,National,science,8
MEX,PISA,2012,National,math,8
MEX,PISA,2012,National,reading,8
MEX,PISA,2012,National,science,8
MEX,LLECE,2013,National,math,3
MEX,LLECE,2013,National,math,6
MEX,LLECE,2013,National,reading,3
MEX,LLECE,2013,National,reading,6
MEX,LLECE,2013,National,science,6
MEX,PISA,2015,National,math,8
MEX,PISA,2015,National,reading,8
MEX,PISA,2015,National,science,8
MEX,PISA,2018,National,math,8
MEX,PISA,2018,National,reading,8
MEX,PISA,2018,National,science,8
MHL,PILNA,2015,National,reading,4
MHL,PILNA,2018,National,reading,4
MKD,PISA,2000,National,math,8
MKD,PISA,2000,National,reading,8
MKD,PISA,2000,National,science,8
MKD,PIRLS,2001,National,reading,4
MKD,TIMSS,2003,National,math,8
MKD,TIMSS,2003,National,science,8
MKD,PIRLS,2006,National,reading,4
MKD,TIMSS,2011,National,math,8
MKD,TIMSS,2011,National,science,8
MKD,EGRA,2015,National,reading,2-4
MKD,PISA,2015,National,math,8
MKD,PISA,2015,National,reading,8
MKD,PISA,2015,National,science,8
MKD,EGRA,2016,National,reading,2-4
MKD,PISA,2018,National,math,8
MKD,PISA,2018,National,reading,8
MKD,PISA,2018,National,science,8
MLI,MLA,2000,National,math,4
MLI,MLA,2000,National,reading,4
MLI,PASEC,2002,National,math,5
MLI,PASEC,2002,National,reading,5
MLI,EGRA,2009,Non National,reading,2-4
MLI,EGRA,2015,Non National,reading,2-4
MLT,TIMSS,2007,National,math,9
MLT,TIMSS,2007,National,science,9
MLT,PISA,2009,National,math,8
MLT,PISA,2009,National,reading,8
MLT,PISA,2009,National,science,8
MLT,PIRLS,2011,National,reading,5
MLT,TIMSS,2011,National,math,5
MLT,TIMSS,2011,National,science,5
MLT,PISA,2015,National,math,8
MLT,PISA,2015,National,reading,8
MLT,PISA,2015,National,science,8
MLT,TIMSS,2015,National,math,9
MLT,TIMSS,2015,National,science,9
MLT,PIRLS,2016,National,reading,5
MLT,PISA,2018,National,math,8
MLT,PISA,2018,National,reading,8
MLT,PISA,2018,National,science,8
MMR,EGRA,2014,Non National,reading,2-4
MMR,EGRA,2015,Non National,reading,2-4
MMR,EGRA,2016,Non National,reading,2-4
MNE,PISA,2006,National,math,8
MNE,PISA,2006,National,reading,8
MNE,PISA,2006,National,science,8
MNE,PISA,2009,National,math,8
MNE,PISA,2009,National,reading,8
MNE,PISA,2009,National,science,8
MNE,PISA,2012,National,math,8
MNE,PISA,2012,National,reading,8
MNE,PISA,2012,National,science,8
MNE,PISA,2015,National,math,8
MNE,PISA,2015,National,reading,8
MNE,PISA,2015,National,science,8
MNE,PISA,2018,National,math,8
MNE,PISA,2018,National,reading,8
MNE,PISA,2018,National,science,8
MNG,MLA,2000,National,math,4
MNG,MLA,2000,National,reading,4
MNG,TIMSS,2007,National,math,4
MNG,TIMSS,2007,National,math,8
MNG,TIMSS,2007,National,science,4
MNG,TIMSS,2007,National,science,8
MOZ,SACMEQ,2000,National,math,6
MOZ,SACMEQ,2000,National,reading,6
MOZ,SACMEQ,2007,National,math,6
MOZ,SACMEQ,2007,National,reading,6
MRT,PASEC,2004,National,math,5
MRT,PASEC,2004,National,reading,5
MUS,MLA,2000,National,math,4
MUS,MLA,2000,National,reading,4
MUS,SACMEQ,2000,National,math,6
MUS,SACMEQ,2000,National,reading,6
MUS,PASEC,2006,National,math,5
MUS,PASEC,2006,National,reading,5
MUS,SACMEQ,2007,National,math,6
MUS,SACMEQ,2007,National,reading,6
MUS,PISA,2009,National,math,8
MUS,PISA,2009,National,reading,8
MUS,PISA,2009,National,science,8
MUS,SACMEQ,2013,National,math,6
MUS,SACMEQ,2013,National,reading,6
MWI,MLA,2000,National,math,4
MWI,MLA,2000,National,reading,4
MWI,SACMEQ,2000,National,math,6
MWI,SACMEQ,2000,National,reading,6
MWI,SACMEQ,2007,National,math,6
MWI,SACMEQ,2007,National,reading,6
MWI,EGRA,2010,National,reading,2-4
MWI,EGRA,2011,National,reading,2-4
MWI,EGRA,2012,National,reading,2-4
MWI,SACMEQ,2013,National,math,6
MWI,SACMEQ,2013,National,reading,6
MYS,TIMSS,2003,National,math,8
MYS,TIMSS,2003,National,science,8
MYS,TIMSS,2007,National,math,8
MYS,TIMSS,2007,National,science,8
MYS,PISA,2009,National,math,8
MYS,PISA,2009,National,reading,8
MYS,PISA,2009,National,science,8
MYS,TIMSS,2011,National,math,8
MYS,TIMSS,2011,National,science,8
MYS,PISA,2012,National,math,8
MYS,PISA,2012,National,reading,8
MYS,PISA,2012,National,science,8
MYS,TIMSS,2015,National,math,8
MYS,TIMSS,2015,National,science,8
MYS,PISA,2018,National,math,8
MYS,PISA,2018,National,reading,8
MYS,PISA,2018,National,science,8
NAM,SACMEQ,2000,National,math,6
NAM,SACMEQ,2000,National,reading,6
NAM,SACMEQ,2007,National,math,6
NAM,SACMEQ,2007,National,reading,6
NAM,SACMEQ,2013,National,math,6
NAM,SACMEQ,2013,National,reading,6
NER,MLA,2000,National,math,4
NER,MLA,2000,National,reading,4
NER,PASEC,2002,National,math,5
NER,PASEC,2002,National,reading,5
NER,PASEC_2014,2014,National,math,6
NER,PASEC_2014,2014,National,reading,6
NGA,EGRA,2010,Non National,reading,2-4
NGA,EGRA,2014,Non National,reading,2-4
NIC,LLECE,2006,National,math,3
NIC,LLECE,2006,National,math,6
NIC,LLECE,2006,National,reading,3
NIC,LLECE,2006,National,reading,6
NIC,EGRA,2008,National,reading,2-4
NIC,LLECE,2013,National,math,3
NIC,LLECE,2013,National,math,6
NIC,LLECE,2013,National,reading,3
NIC,LLECE,2013,National,reading,6
NIC,LLECE,2013,National,science,6
NIR,PIRLS,2011,National,reading,4
NIR,TIMSS,2011,National,math,4
NIR,TIMSS,2011,National,science,4
NIR,TIMSS,2015,National,math,4
NIR,TIMSS,2015,National,science,4
NIR,PIRLS,2016,National,reading,4
NIU,PILNA,2015,National,reading,4
NIU,PILNA,2018,National,reading,4
NLD,PISA,2000,National,math,8
NLD,PISA,2000,National,reading,8
NLD,PISA,2000,National,science,8
NLD,PIRLS,2001,National,reading,4
NLD,PISA,2003,National,math,8
NLD,PISA,2003,National,reading,8
NLD,PISA,2003,National,science,8
NLD,TIMSS,2003,National,math,4
NLD,TIMSS,2003,National,math,8
NLD,TIMSS,2003,National,science,4
NLD,TIMSS,2003,National,science,8
NLD,PIRLS,2006,National,reading,4
NLD,PISA,2006,National,math,8
NLD,PISA,2006,National,reading,8
NLD,PISA,2006,National,science,8
NLD,TIMSS,2007,National,math,4
NLD,TIMSS,2007,National,science,4
NLD,PISA,2009,National,math,8
NLD,PISA,2009,National,reading,8
NLD,PISA,2009,National,science,8
NLD,PIRLS,2011,National,reading,4
NLD,TIMSS,2011,National,math,4
NLD,TIMSS,2011,National,science,4
NLD,PISA,2012,National,math,8
NLD,PISA,2012,National,reading,8
NLD,PISA,2012,National,science,8
NLD,PISA,2015,National,math,8
NLD,PISA,2015,National,reading,8
NLD,PISA,2015,National,science,8
NLD,TIMSS,2015,National,math,4
NLD,TIMSS,2015,National,science,4
NLD,PIRLS,2016,National,reading,4
NLD,PISA,2018,National,math,8
NLD,PISA,2018,National,reading,8
NLD,PISA,2018,National,science,8
NOR,PISA,2000,National,math,8
NOR,PISA,2000,National,reading,8
NOR,PISA,2000,National,science,8
NOR,PIRLS,2001,National,reading,4
NOR,PISA,2003,National,math,8
NOR,PISA,2003,National,reading,8
NOR,PISA,2003,National,science,8
NOR,TIMSS,2003,National,math,4
NOR,TIMSS,2003,National,math,8
NOR,TIMSS,2003,National,science,4
NOR,TIMSS,2003,National,science,8
NOR,PIRLS,2006,National,reading,4
NOR,PISA,2006,National,math,8
NOR,PISA,2006,National,reading,8
NOR,PISA,2006,National,science,8
NOR,TIMSS,2007,National,math,4
NOR,TIMSS,2007,National,math,8
NOR,TIMSS,2007,National,science,4
NOR,TIMSS,2007,National,science,8
NOR,PISA,2009,National,math,8
NOR,PISA,2009,National,reading,8
NOR,PISA,2009,National,science,8
NOR,PIRLS,2011,National,reading,4
NOR,TIMSS,2011,National,math,4
NOR,TIMSS,2011,National,math,8
NOR,TIMSS,2011,National,science,4
NOR,TIMSS,2011,National,science,8
NOR,PISA,2012,National,math,8
NOR,PISA,2012,National,reading,8
NOR,PISA,2012,National,science,8
NOR,PISA,2015,National,math,8
NOR,PISA,2015,National,reading,8
NOR,PISA,2015,National,science,8
NOR,TIMSS,2015,National,math,4
NOR,TIMSS,2015,National,math,8
NOR,TIMSS,2015,National,science,4
NOR,TIMSS,2015,National,science,8
NOR,PIRLS,2016,National,reading,4
NOR,PISA,2018,National,math,8
NOR,PISA,2018,National,reading,8
NOR,PISA,2018,National,science,8
NPL,MLA,2000,National,math,4
NPL,MLA,2000,National,reading,4
NPL,EGRA,2014,National,reading,2-4
NRU,PILNA,2018,National,reading,4
NZL,PISA,2000,National,math,8
NZL,PISA,2000,National,reading,8
NZL,PISA,2000,National,science,8
NZL,PIRLS,2001,National,reading,4
NZL,PISA,2003,National,math,8
NZL,PISA,2003,National,reading,8
NZL,PISA,2003,National,science,8
NZL,TIMSS,2003,National,math,4
NZL,TIMSS,2003,National,math,8
NZL,TIMSS,2003,National,science,4
NZL,TIMSS,2003,National,science,8
NZL,PIRLS,2006,National,reading,5
NZL,PISA,2006,National,math,8
NZL,PISA,2006,National,reading,8
NZL,PISA,2006,National,science,8
NZL,TIMSS,2007,National,math,4
NZL,TIMSS,2007,National,science,4
NZL,PISA,2009,National,math,8
NZL,PISA,2009,National,reading,8
NZL,PISA,2009,National,science,8
NZL,PIRLS,2011,National,reading,5
NZL,TIMSS,2011,National,math,5
NZL,TIMSS,2011,National,math,9
NZL,TIMSS,2011,National,science,5
NZL,TIMSS,2011,National,science,9
NZL,PISA,2012,National,math,8
NZL,PISA,2012,National,reading,8
NZL,PISA,2012,National,science,8
NZL,PISA,2015,National,math,8
NZL,PISA,2015,National,reading,8
NZL,PISA,2015,National,science,8
NZL,TIMSS,2015,National,math,5
NZL,TIMSS,2015,National,math,9
NZL,TIMSS,2015,National,science,5
NZL,TIMSS,2015,National,science,9
NZL,PIRLS,2016,National,reading,5
NZL,PISA,2018,National,math,8
NZL,PISA,2018,National,reading,8
NZL,PISA,2018,National,science,8
OMN,TIMSS,2007,National,math,8
OMN,TIMSS,2007,National,science,8
OMN,PIRLS,2011,National,reading,4
OMN,TIMSS,2011,National,math,4
OMN,TIMSS,2011,National,math,8
OMN,TIMSS,2011,National,science,4
OMN,TIMSS,2011,National,science,8
OMN,TIMSS,2015,National,math,4
OMN,TIMSS,2015,National,math,8
OMN,TIMSS,2015,National,science,4
OMN,TIMSS,2015,National,science,8
OMN,PIRLS,2016,National,reading,4
PAK,MLA,2000,National,math,4
PAK,MLA,2000,National,reading,4
PAK,EGRA,2013,Non National,reading,2-4
PAK,EGRA,2017,Non National,reading,2-4
PAN,LLECE,2006,National,math,3
PAN,LLECE,2006,National,math,6
PAN,LLECE,2006,National,reading,3
PAN,LLECE,2006,National,reading,6
PAN,LLECE,2006,National,science,6
PAN,PISA,2009,National,math,8
PAN,PISA,2009,National,reading,8
PAN,PISA,2009,National,science,8
PAN,LLECE,2013,National,math,3
PAN,LLECE,2013,National,math,6
PAN,LLECE,2013,National,reading,3
PAN,LLECE,2013,National,reading,6
PAN,LLECE,2013,National,science,6
PAN,PISA,2018,National,math,8
PAN,PISA,2018,National,reading,8
PAN,PISA,2018,National,science,8
PER,PISA,2000,National,math,8
PER,PISA,2000,National,reading,8
PER,PISA,2000,National,science,8
PER,LLECE,2006,National,math,3
PER,LLECE,2006,National,math,6
PER,LLECE,2006,National,reading,3
PER,LLECE,2006,National,reading,6
PER,LLECE,2006,National,science,6
PER,PISA,2009,National,math,8
PER,PISA,2009,National,reading,8
PER,PISA,2009,National,science,8
PER,PISA,2012,National,math,8
PER,PISA,2012,National,reading,8
PER,PISA,2012,National,science,8
PER,LLECE,2013,National,math,3
PER,LLECE,2013,National,math,6
PER,LLECE,2013,National,reading,3
PER,LLECE,2013,National,reading,6
PER,LLECE,2013,National,science,6
PER,PISA,2015,National,math,8
PER,PISA,2015,National,reading,8
PER,PISA,2015,National,science,8
PER,PISA,2018,National,math,8
PER,PISA,2018,National,reading,8
PER,PISA,2018,National,science,8
PHL,TIMSS,2003,National,math,4
PHL,TIMSS,2003,National,math,8
PHL,TIMSS,2003,National,science,4
PHL,TIMSS,2003,National,science,8
PHL,EGRA,2013,National,reading,2-4
PHL,PISA,2018,National,math,8
PHL,PISA,2018,National,reading,8
PHL,PISA,2018,National,science,8
PLW,PILNA,2015,National,reading,4
PLW,PILNA,2018,National,reading,4
PNG,EGRA,2011,Non National,reading,2-4
PNG,EGRA,2012,Non National,reading,2-4
PNG,EGRA,2013,Non National,reading,2-4
PNG,PILNA,2018,National,reading,4
POL,PISA,2000,National,math,8
POL,PISA,2000,National,reading,8
POL,PISA,2000,National,science,8
POL,PISA,2003,National,math,8
POL,PISA,2003,National,reading,8
POL,PISA,2003,National,science,8
POL,PIRLS,2006,National,reading,4
POL,PISA,2006,National,math,8
POL,PISA,2006,National,reading,8
POL,PISA,2006,National,science,8
POL,PISA,2009,National,math,8
POL,PISA,2009,National,reading,8
POL,PISA,2009,National,science,8
POL,PIRLS,2011,National,reading,4
POL,TIMSS,2011,National,math,4
POL,TIMSS,2011,National,science,4
POL,PISA,2012,National,math,8
POL,PISA,2012,National,reading,8
POL,PISA,2012,National,science,8
POL,PISA,2015,National,math,8
POL,PISA,2015,National,reading,8
POL,PISA,2015,National,science,8
POL,TIMSS,2015,National,math,4
POL,TIMSS,2015,National,science,4
POL,PIRLS,2016,National,reading,4
POL,PISA,2018,National,math,8
POL,PISA,2018,National,reading,8
POL,PISA,2018,National,science,8
PRT,PISA,2000,National,math,8
PRT,PISA,2000,National,reading,8
PRT,PISA,2000,National,science,8
PRT,PISA,2003,National,math,8
PRT,PISA,2003,National,reading,8
PRT,PISA,2003,National,science,8
PRT,PISA,2006,National,math,8
PRT,PISA,2006,National,reading,8
PRT,PISA,2006,National,science,8
PRT,PISA,2009,National,math,8
PRT,PISA,2009,National,reading,8
PRT,PISA,2009,National,science,8
PRT,PIRLS,2011,National,reading,4
PRT,TIMSS,2011,National,math,4
PRT,TIMSS,2011,National,science,4
PRT,PISA,2012,National,math,8
PRT,PISA,2012,National,reading,8
PRT,PISA,2012,National,science,8
PRT,PISA,2015,National,math,8
PRT,PISA,2015,National,reading,8
PRT,PISA,2015,National,science,8
PRT,TIMSS,2015,National,math,4
PRT,TIMSS,2015,National,science,4
PRT,PIRLS,2016,National,reading,4
PRT,PISA,2018,National,math,8
PRT,PISA,2018,National,reading,8
PRT,PISA,2018,National,science,8
PRY,LLECE,2006,National,math,3
PRY,LLECE,2006,National,math,6
PRY,LLECE,2006,National,reading,3
PRY,LLECE,2006,National,reading,6
PRY,LLECE,2006,National,science,6
PRY,LLECE,2013,National,math,3
PRY,LLECE,2013,National,math,6
PRY,LLECE,2013,National,reading,3
PRY,LLECE,2013,National,reading,6
PRY,LLECE,2013,National,science,6
PRY,PISA,2017,National,math,8
PRY,PISA,2017,National,reading,8
PRY,PISA,2017,National,science,8
PSE,TIMSS,2003,National,math,8
PSE,TIMSS,2003,National,science,8
PSE,TIMSS,2007,National,math,8
PSE,TIMSS,2007,National,science,8
PSE,TIMSS,2011,National,math,8
PSE,TIMSS,2011,National,science,8
QAT,PIRLS,2006,National,reading,4
QAT,PISA,2006,National,math,8
QAT,PISA,2006,National,reading,8
QAT,PISA,2006,National,science,8
QAT,TIMSS,2007,National,math,4
QAT,TIMSS,2007,National,math,8
QAT,TIMSS,2007,National,science,4
QAT,TIMSS,2007,National,science,8
QAT,PISA,2009,National,math,8
QAT,PISA,2009,National,reading,8
QAT,PISA,2009,National,science,8
QAT,PIRLS,2011,National,reading,4
QAT,TIMSS,2011,National,math,4
QAT,TIMSS,2011,National,math,8
QAT,TIMSS,2011,National,science,4
QAT,TIMSS,2011,National,science,8
QAT,PISA,2012,National,math,8
QAT,PISA,2012,National,reading,8
QAT,PISA,2012,National,science,8
QAT,PISA,2015,National,math,8
QAT,PISA,2015,National,reading,8
QAT,PISA,2015,National,science,8
QAT,TIMSS,2015,National,math,4
QAT,TIMSS,2015,National,math,8
QAT,TIMSS,2015,National,science,4
QAT,TIMSS,2015,National,science,8
QAT,PIRLS,2016,National,reading,4
QAT,PISA,2018,National,math,8
QAT,PISA,2018,National,reading,8
QAT,PISA,2018,National,science,8
ROU,PISA,2000,National,math,8
ROU,PISA,2000,National,reading,8
ROU,PISA,2000,National,science,8
ROU,PIRLS,2001,National,reading,4
ROU,TIMSS,2003,National,math,8
ROU,TIMSS,2003,National,science,8
ROU,PIRLS,2006,National,reading,4
ROU,PISA,2006,National,math,8
ROU,PISA,2006,National,reading,8
ROU,PISA,2006,National,science,8
ROU,TIMSS,2007,National,math,8
ROU,TIMSS,2007,National,science,8
ROU,PISA,2009,National,math,8
ROU,PISA,2009,National,reading,8
ROU,PISA,2009,National,science,8
ROU,PIRLS,2011,National,reading,4
ROU,TIMSS,2011,National,math,4
ROU,TIMSS,2011,National,math,8
ROU,TIMSS,2011,National,science,4
ROU,TIMSS,2011,National,science,8
ROU,PISA,2012,National,math,8
ROU,PISA,2012,National,reading,8
ROU,PISA,2012,National,science,8
ROU,PISA,2015,National,math,8
ROU,PISA,2015,National,reading,8
ROU,PISA,2015,National,science,8
ROU,PISA,2018,National,math,8
ROU,PISA,2018,National,reading,8
ROU,PISA,2018,National,science,8
RUS,PISA,2000,National,math,8
RUS,PISA,2000,National,reading,8
RUS,PISA,2000,National,science,8
RUS,PIRLS,2001,National,reading,4
RUS,PISA,2003,National,math,8
RUS,PISA,2003,National,reading,8
RUS,PISA,2003,National,science,8
RUS,TIMSS,2003,National,math,4
RUS,TIMSS,2003,National,math,8
RUS,TIMSS,2003,National,science,4
RUS,TIMSS,2003,National,science,8
RUS,PIRLS,2006,National,reading,4
RUS,PISA,2006,National,math,8
RUS,PISA,2006,National,reading,8
RUS,PISA,2006,National,science,8
RUS,TIMSS,2007,National,math,4
RUS,TIMSS,2007,National,math,8
RUS,TIMSS,2007,National,science,4
RUS,TIMSS,2007,National,science,8
RUS,PISA,2009,National,math,8
RUS,PISA,2009,National,reading,8
RUS,PISA,2009,National,science,8
RUS,PIRLS,2011,National,reading,4
RUS,TIMSS,2011,National,math,4
RUS,TIMSS,2011,National,math,8
RUS,TIMSS,2011,National,science,4
RUS,TIMSS,2011,National,science,8
RUS,PISA,2012,National,math,8
RUS,PISA,2012,National,reading,8
RUS,PISA,2012,National,science,8
RUS,PISA,2015,National,math,8
RUS,PISA,2015,National,reading,8
RUS,PISA,2015,National,science,8
RUS,TIMSS,2015,National,math,4
RUS,TIMSS,2015,National,math,8
RUS,TIMSS,2015,National,science,4
RUS,TIMSS,2015,National,science,8
RUS,PIRLS,2016,National,reading,4
RUS,PISA,2018,National,math,8
RUS,PISA,2018,National,reading,8
RUS,PISA,2018,National,science,8
RWA,EGRA,2015,National,reading,2-4
RWA,EGRA,2016,National,reading,2-4
SAU,TIMSS,2003,National,math,8
SAU,TIMSS,2003,National,science,8
SAU,TIMSS,2007,National,math,8
SAU,TIMSS,2007,National,science,8
SAU,PIRLS,2011,National,reading,4
SAU,TIMSS,2011,National,math,4
SAU,TIMSS,2011,National,math,8
SAU,TIMSS,2011,National,science,4
SAU,TIMSS,2011,National,science,8
SAU,TIMSS,2015,National,math,4
SAU,TIMSS,2015,National,math,8
SAU,TIMSS,2015,National,science,4
SAU,TIMSS,2015,National,science,8
SAU,PIRLS,2016,National,reading,4
SAU,PISA,2018,National,math,8
SAU,PISA,2018,National,reading,8
SAU,PISA,2018,National,science,8
SCD,PIRLS,2001,National,reading,5
SCD,TIMSS,2003,National,math,4
SCD,TIMSS,2003,National,math,8
SCD,TIMSS,2003,National,science,4
SCD,TIMSS,2003,National,science,8
SCD,PIRLS,2006,National,reading,4
SCD,TIMSS,2007,National,math,4
SCD,TIMSS,2007,National,math,8
SCD,TIMSS,2007,National,science,4
SCD,TIMSS,2007,National,science,8
SCG,PISA,2003,National,math,8
SCG,PISA,2003,National,reading,8
SCG,PISA,2003,National,science,8
SCG,TIMSS,2003,National,math,8
SCG,TIMSS,2003,National,science,8
SDN,EGRA,2015,National,reading,2-4
SEN,MLA,2000,National,math,4
SEN,MLA,2000,National,reading,4
SEN,PASEC,2006,National,math,5
SEN,PASEC,2006,National,reading,5
SEN,EGRA,2009,National,reading,2-4
SEN,PASEC_2014,2014,National,math,6
SEN,PASEC_2014,2014,National,reading,6
SEN,PISA,2017,National,math,8
SEN,PISA,2017,National,reading,8
SEN,PISA,2017,National,science,8
SGP,PIRLS,2001,National,reading,4
SGP,TIMSS,2003,National,math,4
SGP,TIMSS,2003,National,math,8
SGP,TIMSS,2003,National,science,4
SGP,TIMSS,2003,National,science,8
SGP,PIRLS,2006,National,reading,4
SGP,TIMSS,2007,National,math,4
SGP,TIMSS,2007,National,math,8
SGP,TIMSS,2007,National,science,4
SGP,TIMSS,2007,National,science,8
SGP,PISA,2009,National,math,8
SGP,PISA,2009,National,reading,8
SGP,PISA,2009,National,science,8
SGP,PIRLS,2011,National,reading,4
SGP,TIMSS,2011,National,math,4
SGP,TIMSS,2011,National,math,8
SGP,TIMSS,2011,National,science,4
SGP,TIMSS,2011,National,science,8
SGP,PISA,2012,National,math,8
SGP,PISA,2012,National,reading,8
SGP,PISA,2012,National,science,8
SGP,PISA,2015,National,math,8
SGP,PISA,2015,National,reading,8
SGP,PISA,2015,National,science,8
SGP,TIMSS,2015,National,math,4
SGP,TIMSS,2015,National,math,8
SGP,TIMSS,2015,National,science,4
SGP,TIMSS,2015,National,science,8
SGP,PIRLS,2016,National,reading,4
SGP,PISA,2018,National,math,8
SGP,PISA,2018,National,reading,8
SGP,PISA,2018,National,science,8
SLB,PILNA,2015,National,reading,4
SLB,EGRA,2017,National,reading,2-4
SLB,PILNA,2018,National,reading,4
SLE,EGRA,2014,National,reading,2-4
SLV,LLECE,2006,National,math,3
SLV,LLECE,2006,National,math,6
SLV,LLECE,2006,National,reading,3
SLV,LLECE,2006,National,reading,6
SLV,LLECE,2006,National,science,6
SLV,TIMSS,2007,National,math,4
SLV,TIMSS,2007,National,math,8
SLV,TIMSS,2007,National,science,4
SLV,TIMSS,2007,National,science,8
SLV,EGRA,2018,National,reading,2-4
SRB,PISA,2006,National,math,8
SRB,PISA,2006,National,reading,8
SRB,PISA,2006,National,science,8
SRB,TIMSS,2007,National,math,8
SRB,TIMSS,2007,National,science,8
SRB,PISA,2009,National,math,8
SRB,PISA,2009,National,reading,8
SRB,PISA,2009,National,science,8
SRB,TIMSS,2011,National,math,4
SRB,TIMSS,2011,National,science,4
SRB,PISA,2012,National,math,8
SRB,PISA,2012,National,reading,8
SRB,PISA,2012,National,science,8
SRB,TIMSS,2015,National,math,4
SRB,TIMSS,2015,National,science,4
SRB,PISA,2018,National,math,8
SRB,PISA,2018,National,reading,8
SRB,PISA,2018,National,science,8
SSD,EGRA,2016,Non National,reading,2-4
SSD,EGRA,2017,Non National,reading,2-4
SVK,MLA,2000,National,math,4
SVK,MLA,2000,National,reading,4
SVK,PIRLS,2001,National,reading,4
SVK,PISA,2003,National,math,8
SVK,PISA,2003,National,reading,8
SVK,PISA,2003,National,science,8
SVK,TIMSS,2003,National,math,8
SVK,TIMSS,2003,National,science,8
SVK,PIRLS,2006,National,reading,4
SVK,PISA,2006,National,math,8
SVK,PISA,2006,National,reading,8
SVK,PISA,2006,National,science,8
SVK,TIMSS,2007,National,math,4
SVK,TIMSS,2007,National,science,4
SVK,PISA,2009,National,math,8
SVK,PISA,2009,National,reading,8
SVK,PISA,2009,National,science,8
SVK,PIRLS,2011,National,reading,4
SVK,TIMSS,2011,National,math,4
SVK,TIMSS,2011,National,science,4
SVK,PISA,2012,National,math,8
SVK,PISA,2012,National,reading,8
SVK,PISA,2012,National,science,8
SVK,PISA,2015,National,math,8
SVK,PISA,2015,National,reading,8
SVK,PISA,2015,National,science,8
SVK,TIMSS,2015,National,math,4
SVK,TIMSS,2015,National,science,4
SVK,PIRLS,2016,National,reading,4
SVK,PISA,2018,National,math,8
SVK,PISA,2018,National,reading,8
SVK,PISA,2018,National,science,8
SVN,PIRLS,2001,National,reading,3
SVN,TIMSS,2003,National,math,4
SVN,TIMSS,2003,National,math,8
SVN,TIMSS,2003,National,science,4
SVN,TIMSS,2003,National,science,8
SVN,PIRLS,2006,National,reading,4
SVN,PISA,2006,National,math,8
SVN,PISA,2006,National,reading,8
SVN,PISA,2006,National,science,8
SVN,TIMSS,2007,National,math,4
SVN,TIMSS,2007,National,math,8
SVN,TIMSS,2007,National,science,4
SVN,TIMSS,2007,National,science,8
SVN,PISA,2009,National,math,8
SVN,PISA,2009,National,reading,8
SVN,PISA,2009,National,science,8
SVN,PIRLS,2011,National,reading,4
SVN,TIMSS,2011,National,math,4
SVN,TIMSS,2011,National,math,8
SVN,TIMSS,2011,National,science,4
SVN,TIMSS,2011,National,science,8
SVN,PISA,2012,National,math,8
SVN,PISA,2012,National,reading,8
SVN,PISA,2012,National,science,8
SVN,PISA,2015,National,math,8
SVN,PISA,2015,National,reading,8
SVN,PISA,2015,National,science,8
SVN,TIMSS,2015,National,math,4
SVN,TIMSS,2015,National,math,8
SVN,TIMSS,2015,National,science,4
SVN,TIMSS,2015,National,science,8
SVN,PIRLS,2016,National,reading,4
SVN,PISA,2018,National,math,8
SVN,PISA,2018,National,reading,8
SVN,PISA,2018,National,science,8
SWE,PISA,2000,National,math,8
SWE,PISA,2000,National,reading,8
SWE,PISA,2000,National,science,8
SWE,PIRLS,2001,National,reading,4
SWE,PISA,2003,National,math,8
SWE,PISA,2003,National,reading,8
SWE,PISA,2003,National,science,8
SWE,TIMSS,2003,National,math,8
SWE,TIMSS,2003,National,science,8
SWE,PIRLS,2006,National,reading,4
SWE,PISA,2006,National,math,8
SWE,PISA,2006,National,reading,8
SWE,PISA,2006,National,science,8
SWE,TIMSS,2007,National,math,4
SWE,TIMSS,2007,National,math,8
SWE,TIMSS,2007,National,science,4
SWE,TIMSS,2007,National,science,8
SWE,PISA,2009,National,math,8
SWE,PISA,2009,National,reading,8
SWE,PISA,2009,National,science,8
SWE,PIRLS,2011,National,reading,4
SWE,TIMSS,2011,National,math,4
SWE,TIMSS,2011,National,math,8
SWE,TIMSS,2011,National,science,4
SWE,TIMSS,2011,National,science,8
SWE,PISA,2012,National,math,8
SWE,PISA,2012,National,reading,8
SWE,PISA,2012,National,science,8
SWE,PISA,2015,National,math,8
SWE,PISA,2015,National,reading,8
SWE,PISA,2015,National,science,8
SWE,TIMSS,2015,National,math,4
SWE,TIMSS,2015,National,math,8
SWE,TIMSS,2015,National,science,4
SWE,TIMSS,2015,National,science,8
SWE,PIRLS,2016,National,reading,4
SWE,PISA,2018,National,math,8
SWE,PISA,2018,National,reading,8
SWE,PISA,2018,National,science,8
SWZ,SACMEQ,2000,National,math,6
SWZ,SACMEQ,2000,National,reading,6
SWZ,SACMEQ,2007,National,math,6
SWZ,SACMEQ,2007,National,reading,6
SWZ,SACMEQ,2013,National,math,6
SWZ,SACMEQ,2013,National,reading,6
SYC,SACMEQ,2000,National,math,6
SYC,SACMEQ,2000,National,reading,6
SYC,SACMEQ,2007,National,math,6
SYC,SACMEQ,2007,National,reading,6
SYC,SACMEQ,2013,National,math,6
SYC,SACMEQ,2013,National,reading,6
SYR,TIMSS,2003,National,math,8
SYR,TIMSS,2003,National,science,8
SYR,TIMSS,2007,National,math,8
SYR,TIMSS,2007,National,science,8
SYR,TIMSS,2011,National,math,8
SYR,TIMSS,2011,National,science,8
TCD,PASEC,2006,National,math,5
TCD,PASEC,2006,National,reading,5
TCD,PASEC_2014,2014,National,math,6
TCD,PASEC_2014,2014,National,reading,6
TGO,PASEC,2001,National,math,5
TGO,PASEC,2001,National,reading,5
TGO,PASEC,2006,National,math,5
TGO,PASEC,2006,National,reading,5
TGO,PASEC_2014,2014,National,math,6
TGO,PASEC_2014,2014,National,reading,6
THA,PISA,2000,National,math,8
THA,PISA,2000,National,reading,8
THA,PISA,2000,National,science,8
THA,PISA,2003,National,math,8
THA,PISA,2003,National,reading,8
THA,PISA,2003,National,science,8
THA,PISA,2006,National,math,8
THA,PISA,2006,National,reading,8
THA,PISA,2006,National,science,8
THA,TIMSS,2007,National,math,8
THA,TIMSS,2007,National,science,8
THA,PISA,2009,National,math,8
THA,PISA,2009,National,reading,8
THA,PISA,2009,National,science,8
THA,TIMSS,2011,National,math,4
THA,TIMSS,2011,National,math,8
THA,TIMSS,2011,National,science,4
THA,TIMSS,2011,National,science,8
THA,PISA,2012,National,math,8
THA,PISA,2012,National,reading,8
THA,PISA,2012,National,science,8
THA,PISA,2015,National,math,8
THA,PISA,2015,National,reading,8
THA,PISA,2015,National,science,8
THA,TIMSS,2015,National,math,8
THA,TIMSS,2015,National,science,8
THA,PISA,2018,National,math,8
THA,PISA,2018,National,reading,8
THA,PISA,2018,National,science,8
TJK,EGRA,2016,Non National,reading,2-4
TJK,EGRA,2018,National,reading,2-4
TKL,PILNA,2015,National,reading,4
TKL,PILNA,2018,National,reading,4
TLS,EGRA,2009,National,reading,2-4
TLS,EGRA,2011,National,reading,2-4
TON,EGRA,2009,National,reading,2-4
TON,EGRA,2014,National,reading,2-4
TON,PILNA,2015,National,reading,4
TON,PILNA,2018,National,reading,4
TTO,PIRLS,2006,National,reading,4
TTO,PISA,2009,National,math,8
TTO,PISA,2009,National,reading,8
TTO,PISA,2009,National,science,8
TTO,PIRLS,2011,National,reading,4
TTO,PISA,2015,National,math,8
TTO,PISA,2015,National,reading,8
TTO,PISA,2015,National,science,8
TTO,PIRLS,2016,National,reading,4
TUN,MLA,2000,National,math,4
TUN,MLA,2000,National,reading,4
TUN,PISA,2003,National,math,8
TUN,PISA,2003,National,reading,8
TUN,PISA,2003,National,science,8
TUN,TIMSS,2003,National,math,4
TUN,TIMSS,2003,National,math,8
TUN,TIMSS,2003,National,science,4
TUN,TIMSS,2003,National,science,8
TUN,PISA,2006,National,math,8
TUN,PISA,2006,National,reading,8
TUN,PISA,2006,National,science,8
TUN,TIMSS,2007,National,math,4
TUN,TIMSS,2007,National,math,8
TUN,TIMSS,2007,National,science,4
TUN,TIMSS,2007,National,science,8
TUN,PISA,2009,National,math,8
TUN,PISA,2009,National,reading,8
TUN,PISA,2009,National,science,8
TUN,TIMSS,2011,National,math,4
TUN,TIMSS,2011,National,math,8
TUN,TIMSS,2011,National,science,4
TUN,TIMSS,2011,National,science,8
TUN,PISA,2012,National,math,8
TUN,PISA,2012,National,reading,8
TUN,PISA,2012,National,science,8
TUN,PISA,2015,National,math,8
TUN,PISA,2015,National,reading,8
TUN,PISA,2015,National,science,8
TUR,PIRLS,2001,National,reading,4
TUR,PISA,2003,National,math,8
TUR,PISA,2003,National,reading,8
TUR,PISA,2003,National,science,8
TUR,PISA,2006,National,math,8
TUR,PISA,2006,National,reading,8
TUR,PISA,2006,National,science,8
TUR,TIMSS,2007,National,math,8
TUR,TIMSS,2007,National,science,8
TUR,PISA,2009,National,math,8
TUR,PISA,2009,National,reading,8
TUR,PISA,2009,National,science,8
TUR,TIMSS,2011,National,math,4
TUR,TIMSS,2011,National,math,8
TUR,TIMSS,2011,National,science,4
TUR,TIMSS,2011,National,science,8
TUR,PISA,2012,National,math,8
TUR,PISA,2012,National,reading,8
TUR,PISA,2012,National,science,8
TUR,PISA,2015,National,math,8
TUR,PISA,2015,National,reading,8
TUR,PISA,2015,National,science,8
TUR,TIMSS,2015,National,math,4
TUR,TIMSS,2015,National,math,8
TUR,TIMSS,2015,National,science,4
TUR,TIMSS,2015,National,science,8
TUR,PISA,2018,National,math,8
TUR,PISA,2018,National,reading,8
TUR,PISA,2018,National,science,8
TUV,PILNA,2015,National,reading,4
TUV,EGRA,2016,National,reading,2-4
TUV,PILNA,2018,National,reading,4
TWN,TIMSS,2003,National,math,4
TWN,TIMSS,2003,National,math,8
TWN,TIMSS,2003,National,science,4
TWN,TIMSS,2003,National,science,8
TWN,PIRLS,2006,National,reading,4
TWN,PISA,2006,National,math,8
TWN,PISA,2006,National,reading,8
TWN,PISA,2006,National,science,8
TWN,TIMSS,2007,National,math,4
TWN,TIMSS,2007,National,math,8
TWN,TIMSS,2007,National,science,4
TWN,TIMSS,2007,National,science,8
TWN,PISA,2009,National,math,8
TWN,PISA,2009,National,reading,8
TWN,PISA,2009,National,science,8
TWN,PIRLS,2011,National,reading,4
TWN,TIMSS,2011,National,math,4
TWN,TIMSS,2011,National,math,8
TWN,TIMSS,2011,National,science,4
TWN,TIMSS,2011,National,science,8
TWN,PISA,2012,National,math,8
TWN,PISA,2012,National,reading,8
TWN,PISA,2012,National,science,8
TWN,PISA,2015,National,math,8
TWN,PISA,2015,National,reading,8
TWN,PISA,2015,National,science,8
TWN,TIMSS,2015,National,math,4
TWN,TIMSS,2015,National,math,8
TWN,TIMSS,2015,National,science,4
TWN,TIMSS,2015,National,science,8
TWN,PIRLS,2016,National,reading,4
TWN,PISA,2018,National,math,8
TWN,PISA,2018,National,reading,8
TWN,PISA,2018,National,science,8
TZA,SACMEQ,2000,National,math,6
TZA,SACMEQ,2000,National,reading,6
TZA,SACMEQ,2007,National,math,6
TZA,SACMEQ,2007,National,reading,6
TZA,EGRA,2013,National,reading,2-4
UGA,MLA,2000,National,math,4
UGA,MLA,2000,National,reading,4
UGA,SACMEQ,2000,National,math,6
UGA,SACMEQ,2000,National,reading,6
UGA,SACMEQ,2007,National,math,6
UGA,SACMEQ,2007,National,reading,6
UGA,EGRA,2009,Non National,reading,2-4
UGA,SACMEQ,2013,National,math,6
UGA,SACMEQ,2013,National,reading,6
UKR,TIMSS,2007,National,math,4
UKR,TIMSS,2007,National,math,8
UKR,TIMSS,2007,National,science,4
UKR,TIMSS,2007,National,science,8
UKR,TIMSS,2011,National,math,8
UKR,TIMSS,2011,National,science,8
UKR,PISA,2018,National,math,8
UKR,PISA,2018,National,reading,8
UKR,PISA,2018,National,science,8
URY,PISA,2003,National,math,8
URY,PISA,2003,National,reading,8
URY,PISA,2003,National,science,8
URY,LLECE,2006,National,math,3
URY,LLECE,2006,National,math,6
URY,LLECE,2006,National,reading,3
URY,LLECE,2006,National,reading,6
URY,LLECE,2006,National,science,6
URY,PISA,2006,National,math,8
URY,PISA,2006,National,reading,8
URY,PISA,2006,National,science,8
URY,PISA,2009,National,math,8
URY,PISA,2009,National,reading,8
URY,PISA,2009,National,science,8
URY,PISA,2012,National,math,8
URY,PISA,2012,National,reading,8
URY,PISA,2012,National,science,8
URY,LLECE,2013,National,math,3
URY,LLECE,2013,National,math,6
URY,LLECE,2013,National,reading,3
URY,LLECE,2013,National,reading,6
URY,LLECE,2013,National,science,6
URY,PISA,2015,National,math,8
URY,PISA,2015,National,reading,8
URY,PISA,2015,National,science,8
URY,PISA,2018,National,math,8
URY,PISA,2018,National,reading,8
URY,PISA,2018,National,science,8
USA,PISA,2000,National,math,8
USA,PISA,2000,National,reading,8
USA,PISA,2000,National,science,8
USA,PIRLS,2001,National,reading,4
USA,PISA,2003,National,math,8
USA,PISA,2003,National,reading,8
USA,PISA,2003,National,science,8
USA,TIMSS,2003,National,math,4
USA,TIMSS,2003,National,math,8
USA,TIMSS,2003,National,science,4
USA,TIMSS,2003,National,science,8
USA,PIRLS,2006,National,reading,4
USA,PISA,2006,National,math,8
USA,PISA,2006,National,science,8
USA,TIMSS,2007,National,math,4
USA,TIMSS,2007,National,math,8
USA,TIMSS,2007,National,science,4
USA,TIMSS,2007,National,science,8
USA,PISA,2009,National,math,8
USA,PISA,2009,National,reading,8
USA,PISA,2009,National,science,8
USA,PIRLS,2011,National,reading,4
USA,TIMSS,2011,National,math,4
USA,TIMSS,2011,National,math,8
USA,TIMSS,2011,National,science,4
USA,TIMSS,2011,National,science,8
USA,PISA,2012,National,math,8
USA,PISA,2012,National,reading,8
USA,PISA,2012,National,science,8
USA,PISA,2015,National,math,8
USA,PISA,2015,National,reading,8
USA,PISA,2015,National,science,8
USA,TIMSS,2015,National,math,4
USA,TIMSS,2015,National,math,8
USA,TIMSS,2015,National,science,4
USA,TIMSS,2015,National,science,8
USA,PIRLS,2016,National,reading,4
USA,PISA,2018,National,math,8
USA,PISA,2018,National,reading,8
USA,PISA,2018,National,science,8
UZB,TIMSS-equivalent NAS,2019,National,math,5
VCT,EGRA,2016,National,reading,2-4
VCT,EGRA,2018,National,reading,2-4
VEN,PISA,2009,Non National,math,8
VEN,PISA,2009,Non National,reading,8
VEN,PISA,2009,Non National,science,8
VNM,PISA,2012,National,math,8
VNM,PISA,2012,National,reading,8
VNM,PISA,2012,National,science,8
VNM,PISA,2015,National,math,8
VNM,PISA,2015,National,reading,8
VNM,PISA,2015,National,science,8
VUT,EGRA,2010,National,reading,2-4
VUT,PILNA,2015,National,reading,4
VUT,PILNA,2018,National,reading,4
WSM,PILNA,2015,National,reading,4
WSM,EGRA,2017,National,reading,2-4
WSM,PILNA,2018,National,reading,4
XKX,PISA,2015,National,math,8
XKX,PISA,2015,National,reading,8
XKX,PISA,2015,National,science,8
XKX,PISA,2018,National,math,8
XKX,PISA,2018,National,reading,8
XKX,PISA,2018,National,science,8
YEM,TIMSS,2003,National,math,4
YEM,TIMSS,2003,National,science,4
YEM,TIMSS,2007,National,math,4
YEM,TIMSS,2007,National,science,4
YEM,EGRA,2011,National,reading,2-4
YEM,TIMSS,2011,National,math,4
YEM,TIMSS,2011,National,science,4
ZAF,MLA,2000,National,math,4
ZAF,MLA,2000,National,reading,4
ZAF,SACMEQ,2000,National,math,6
ZAF,SACMEQ,2000,National,reading,6
ZAF,TIMSS,2003,National,math,8
ZAF,TIMSS,2003,National,science,8
ZAF,PIRLS,2006,National,reading,5
ZAF,SACMEQ,2007,National,math,6
ZAF,SACMEQ,2007,National,reading,6
ZAF,PIRLS,2011,Non National,reading,5
ZAF,TIMSS,2011,National,math,9
ZAF,TIMSS,2011,National,science,9
ZAF,SACMEQ,2013,National,math,6
ZAF,SACMEQ,2013,National,reading,6
ZAF,TIMSS,2015,National,math,5
ZAF,TIMSS,2015,National,math,9
ZAF,TIMSS,2015,National,science,9
ZAF,PIRLS,2016,National,reading,4
ZMB,MLA,2000,National,math,4
ZMB,MLA,2000,National,reading,4
ZMB,SACMEQ,2000,National,math,6
ZMB,SACMEQ,2000,National,reading,6
ZMB,SACMEQ,2007,National,math,6
ZMB,SACMEQ,2007,National,reading,6
ZMB,EGRA,2011,National,reading,2-4
ZMB,SACMEQ,2013,National,math,6
ZMB,SACMEQ,2013,National,reading,6
ZMB,PISA,2017,National,math,8
ZMB,PISA,2017,National,reading,8
ZMB,PISA,2017,National,science,8
ZWE,SACMEQ,2007,National,math,6
ZWE,SACMEQ,2007,National,reading,6
ZWE,SACMEQ,2013,National,math,6
ZWE,SACMEQ,2013,National,reading,6
